Workbook

Sheet INVENTARIO
B1: INVENTARIO DE PAÑOL
B2: REFERENCIA | C2: DESCRIPCIÓN DE PRODUCTO | D2: EQUIPO DONDE SE APLICA | E2: DISPONIBLES | F2: DETALLE | G2: TIPO
B3: CAD-40-Simple | C3: ASA 40 simple | D3: en varias maq-
B4: CAD-50-Simple | C4: ASA 50 simple | D4: trasp-horno
B5: CAD-S55 | C5: ASA S55 simple | D5: estivador L-GA3000
B6: CAD-50 Doble | C6: ASA 50 doble | D6: trasp-horno
B7: CAD-SS50 | C7: ASA 50 simple inoxidable | D7: transp-salida horno
B8: CAD-S60 Doble | C8: ASA 60 DOBLE | D8: armadora-horno
B9: CAD-S60 Simple | C9: 60-simple | D9: laminadores en tapas
B10: CAD-ASA80X2 | C10: cadena ASA 80 doble | D10: amasadora
B11: CAD-06B-2 | C11: 06-B2 doble | D11: divisora L-GA3000
B12: CAD- 06-Simple | C12: 06-B1 simple | D12: cinta -mesa de apile (tapas)
B13: Medio Union Cad 06B1 (simple) | C13: Medio eslabon
B14: Medio Union Cad 06B1 (doble) | C14: Medio eslabon
B15: Union Cad 06B1 (simple) | C15: Union 06B1
B16: Union Cad 06B2 (doble) | C16: Union 06B2 | D16: maq-jake
B17: MED-UNI-CAD-40X1 | C17: Medio eslabon | D17: maq- divis-imepa | E17: 15
B18: UNI-CAD-40X1 | C18: union cadena 40 simple | D18: varias maq- | E18: 20
B19: UNI-CAD-40X1 C/ALTEA | C19: Union cadena ASA 40 con ALETA LATERAL | D19: Embolsadora salida rebanadora | E19: 50
B20: Union cad 50 | C20: Medio eslabon | D20: divisora L-GA3000
B21: UNI-CAD-50Simple | C21: Union cad 50 simple
B22: UNI-CAD-50Simple | C22: union cadena ASA 50 doble
B23: UNI-CAD-60 Simple | C23: Union cad ASA 60 simple
B24: UNI-CAD-60-Doble | C24: Union cadena ASA 60 doble
B25: MED-CAD-60-Doble | C25: Medio Eslab.ASA 60 doble
B26: Union cad ASA 80-Doble | C26: Medio eslabon ASA80 | D26: Horno-Armadora de tapas
B27: UN-CAD-80X2 | C27: union cadena ASA 80 doble | D27: amasadora
B28: CAD-120 Doble | C28: Cadena ASA 120 Doble | D28: Enfriador
B29: MED-CAD-120 Doble | C29: Medio Eslabon Cadena ASA 120 Doble | D29: Enfriador
B30: Union-CAD-120 Doble | C30: Union Cadena ASA 120 doble | D30: Enfriador
B31: Union Cad S55 | C31: S55 Union | D31: Estibador
B32: MED-Union Cad S55 | C32: S55 medio eslabon | D32: Estibador
B33: PERNOS -ESTIBA | C33: Pernos Para Bandejas Estibador | D33: Estibador L-GA3000 | E33: 14
B34: ROD- CF1 1/8 S | C34: CF 1 1/8 S | D34: LEVA ENBOLS-AMF | E34: 5
B35: ROD-UCT208 | C35: UCT208 | D35: banda desmoldador
B36: ROD-GY1103KRRB3 | C36: GY1103KRRB3
B37: ROD-UL211-200 | C37: UL211-200
B38: ROD-UC203 | C38: UC203 | E38: 14
B39: ROD-UC206-20 | C39: UC206-20 EJE 31,74
B40: ROD-UC206 | C40: UC206-EJE 30 | D40: L-GA3000 | E40: 5
B41: ROD-UC206-104D1 | C41: UC206-104D1
B42: ROD-AEL206 | C42: AEL206-104D1
B43: ROD-UC206-G | C43: UC206G
B44: ROD-GRA103RRB | C44: GRA103RRB | E44: 0
B45: ROD-UC204 | C45: UC204 | E45: 1
B46: ROD-UC204D1 | C46: UC204D1 | D46: L-GA3000
B47: ROD-AS204D1 | C47: AS204D1 | E47: 4
B48: ROD-UC203 | C48: UC203 | E48: 21
B49: ROD-UC202-010D1 | C49: UC202-010D1 | E49: 12
B50: ROD-UC211 | C50: UC211-200D1 | D50: eje de amasadora
B51: ROD-UC212 | C51: UC212D1 | D51: NO
B52: ROD-UC205 | C52: UC205 | D52: saca tapas y transp. Masa
B53: ROD-UC208 | C53: UC208-40MM | D53: eje banda de chupetes
B54: ROD-UC214 | C54: UC214D1 | D54: eje del horno
B55: ROD-UC209 | C55: UC209 | D55: tubina fermentadora
B56: ROD-NK16/20R | C56: NK16/20R
B57: ROD-AS204 | C57: AS204-012D1
B58: ROD-AS206-104 | C58: AS206-104
B59: ROD-GYE20KRRB | C59: GYE20KRRB
B60: ROD-YEL206 | C60: YEL206
B61: ROD-YET206 | C61: YET206-103 | D61: turbina fermentadora
B62: ROD-YET202-010 | C62: YET202-010 | E62: 5
B63: ROD-UEL211 | C63: UEL211-200
B64: ROD-NA206 | C64: NA206
B65: ROD-UCP203D1 | C65: UCP203D1
B66: ROD-UCP214 | C66: UCP214D1 | D66: eje de trans.prod.horno
B67: ROD-H309 | C67: H309 | D67: turbina horno
B68: ROD-H309- usado | C68: H309 USADO | D68: turbina horno
B69: SET328 | C69: SET328
E70: 8
B71: ROD-1209K | C71: 1209K C3 | D71: Turbina horno | E71: 7
B72: ROD-1209K-usado | C72: 1209SK C3 | D72: usados | E72: 3
B73: ROD-32007A | C73: 32007A
B74: ROD-32007X | C74: 32007X 4T-3007X | D74: reductor de armadora
B75: ROD-HR 32010 J | D75: reductor de armadora
B76: ROD-HE 32207 I
B77: ROD-32015 JR | C77: 32015 JR | D77: Ejes de sinfín maq margarina | E77: 0
B78: ROD-1212 | C78: 1212 doble bolilla cilindrico
B79: ROD-32017 X | C79: 32017 X
B80: ROD-30212-KML | C80: 30212-KML
B81: ROD-30204 | C81: 30204 4T-30204
B82: ROD-5205-ZZ | C82: 5205SCZZ/2AS | D82: enbolsadora AMF
B83: ROD-1604 | C83: 1604DCTNTG18 | D83: enbolsadora AMF | E83: 1
B84: ROD-1621 | C84: 1621DCTNTG18 | D84: enbolsadora AMF | E84: 1
B85: ROD-1630 | C85: 1630 LLUU | D85: rebanadora y embolsadora | E85: 1
B86: ROD-1623 | C86: 1623 | D86: ban-sal-maq-jake | E86: 1
B87: ROD- 1820 | C87: 18X25X20 | D87: eje de amasado/amasadora
B88: ROD-ART GE17 | C88: Rod. articulado GE17ES 2RS Int17/Ext30 | D88: Varios | E88: 2
B89: ROD-1220ZKL | C89: 1220ZKL | D89: piñon del diferencial -amasa-
B90: ROD- R1581TV | C90: R1581TV | D90: diferensial de amasadora
B91: ROD-387-382A | C91: 4-387A-382A
B92: FL-205 | C92: Bancada de dos fijaciones para uc205
B93: UCP-UCP211 | C93: UCP211
B94: ROD-UCP209 | C94: UCP209 | D94: diferensial de amasadora
B95: ROD-UC207 | C95: UC207 | D95: Linea IMEPA
B96: ROD-382A | C96: 4T-382A | D96: rebanadora y enbolsadora
B97: ROD-203KRR2 | C97: 203KRR2
B98: ROD-203KDD | C98: 203KDD | D98: gancho de atadora
B99: ROD-R6RS | D99: cintas laterales rebanadora | E99: 8
B100: ROD-R8LLUC3 | C100: R8LLUC3 | D100: Cep.Atadora | E100: 2
...

Sheet Hoja 7
B1: INVENTARIO
B2: REFERENCIA | C2: DESCRIPCIÓN DE PRODUCTO | D2: EQUIPO DONDE SE APLICA | E2: DISPONIBLE | F2: DETALLE | G2: TIPO
B3: CAD-40-Simple
B4: CAD-50-Simple
B5: CAD-S55
B6: CAD-50 Doble
B7: CAD-SS50
B8: CAD-S6O Doble
B9: CAD-S60 Simple
B10: CAD-ASA80X2
B11: CAD-06B-2
B12: CAD- 06-Simple
B13: Medio Union Cad 06B1 (simple)

Sheet ENTRADAS
B2: REFERENCIA | C2: NOMBRE | D2: UNIDADES | E2: COSTO UNIDAD | F2: FECHA
B4: CAD-40 | C4: =IFERROR(VLOOKUP(B4 ,INVENTARIO!$B$2:C994,2,0),"") | D4: 2.5 | F4: =IFS(B4="","",F4<>"",F4,TRUE,NOW()) -> 45659.58
B5: CAD-S55 | C5: =IFERROR(VLOOKUP(B5 ,INVENTARIO!$B$2:C994,2,0),"") -> ASA S55 simple | D5: 1.5 | F5: =IFS(B5="","",F5<>"",F5,TRUE,NOW()) -> 45659.58
B6: CAD-50 Doble | C6: =IFERROR(VLOOKUP(B6 ,INVENTARIO!$B$2:C994,2,0),"") -> ASA 50 doble | D6: 8.7 | F6: =IFS(B6="","",F6<>"",F6,TRUE,NOW()) -> 45659.582
B7: CAD-SS50 | C7: =IFERROR(VLOOKUP(B7 ,INVENTARIO!$B$2:C994,2,0),"") -> ASA 50 simple inoxidable | D7: 0.6 | F7: =IFS(B7="","",F7<>"",F7,TRUE,NOW()) -> 45659.583
B8: CAD-S60 Doble | C8: =IFERROR(VLOOKUP(B8 ,INVENTARIO!$B$2:C994,2,0),"") -> ASA 60 DOBLE | D8: 9.8 | F8: =IFS(B8="","",F8<>"",F8,TRUE,NOW()) -> 45660.47
B9: CAD-60-1 | C9: =IFERROR(VLOOKUP(B9 ,INVENTARIO!$B$2:C994,2,0),"") | D9: 10 | F9: =IFS(B9="","",F9<>"",F9,TRUE,NOW()) -> 45660.471
B10: CAD-80X2 | C10: =IFERROR(VLOOKUP(B10 ,INVENTARIO!$B$2:C994,2,0),"") | D10: 3.86 | F10: =IFS(B10="","",F10<>"",F10,TRUE,NOW()) -> 45660.472
B11: CAD-40-Simple | C11: =IFERROR(VLOOKUP(B11 ,INVENTARIO!$B$2:C994,2,0),"") -> ASA 40 simple | D11: 4.65 | F11: =IFS(B11="","",F11<>"",F11,TRUE,NOW()) -> 45660.473
B12: BAN-ELEV | C12: =IFERROR(VLOOKUP(B12 ,INVENTARIO!$B$2:C994,2,0),"") -> 400X2500mm x2 | D12: 5 | F12: =IFS(B12="","",F12<>"",F12,TRUE,NOW()) -> 45660.475
B13: Union Cad 06B1 (simple) | C13: =IFERROR(VLOOKUP(B13 ,INVENTARIO!$B$2:C994,2,0),"") -> Union 06B1 | D13: 7 | F13: =IFS(B13="","",F13<>"",F13,TRUE,NOW()) -> 45660.635
B14: Union Cad 06B2 (doble) | C14: =IFERROR(VLOOKUP(B14 ,INVENTARIO!$B$2:C994,2,0),"") -> Union 06B2 | D14: 16 | F14: =IFS(B14="","",F14<>"",F14,TRUE,NOW()) -> 45660.635
B15: MED-UNI-CAD-40X1 | C15: =IFERROR(VLOOKUP(B15 ,INVENTARIO!$B$2:C994,2,0),"") -> Medio eslabon | D15: 8 | F15: =IFS(B15="","",F15<>"",F15,TRUE,NOW()) -> 45660.636
B16: UNI-CAD-40X1 C/ALTEA | C16: =IFERROR(VLOOKUP(B16 ,INVENTARIO!$B$2:C994,2,0),"") -> Union cadena ASA 40 con ALETA LATERAL | D16: 23 | F16: =IFS(B16="","",F16<>"",F16,TRUE,NOW()) -> 45660.637
B17: Union cad 50 | C17: =IFERROR(VLOOKUP(B17 ,INVENTARIO!$B$2:C994,2,0),"") -> Medio eslabon | D17: 14 | F17: =IFS(B17="","",F17<>"",F17,TRUE,NOW()) -> 45660.638
B18: UNI-CAD-50Simple | C18: =IFERROR(VLOOKUP(B18 ,INVENTARIO!$B$2:C994,2,0),"") -> Union cad 50 simple | D18: 7 | F18: =IFS(B18="","",F18<>"",F18,TRUE,NOW()) -> 45660.638
B19: UNI-CAD-50X2 | C19: =IFERROR(VLOOKUP(B19 ,INVENTARIO!$B$2:C994,2,0),"") | D19: 13 | F19: =IFS(B19="","",F19<>"",F19,TRUE,NOW()) -> 45660.639
B20: UNI-CAD-60X2 | C20: =IFERROR(VLOOKUP(B20 ,INVENTARIO!$B$2:C994,2,0),"") | D20: 27 | F20: =IFS(B20="","",F20<>"",F20,TRUE,NOW()) -> 45660.639
B21: CAD-80X2 | C21: =IFERROR(VLOOKUP(B21 ,INVENTARIO!$B$2:C994,2,0),"") | D21: 12 | F21: =IFS(B21="","",F21<>"",F21,TRUE,NOW()) -> 45660.64
B22: CAD-120 Doble | C22: =IFERROR(VLOOKUP(B22 ,INVENTARIO!$B$2:C994,2,0),"") -> Cadena ASA 120 Doble | D22: 1 | F22: =IFS(B22="","",F22<>"",F22,TRUE,NOW()) -> 45660.64
B23: MED-CAD-120 Doble | C23: =IFERROR(VLOOKUP(B23 ,INVENTARIO!$B$2:C994,2,0),"") -> Medio Eslabon Cadena ASA 120 Doble | D23: 1 | F23: =IFS(B23="","",F23<>"",F23,TRUE,NOW()) -> 45660.641
B24: MED-Union Cad S55 | C24: =IFERROR(VLOOKUP(B24 ,INVENTARIO!$B$2:C994,2,0),"") -> S55 medio eslabon | D24: 4 | F24: =IFS(B24="","",F24<>"",F24,TRUE,NOW()) -> 45660.642
B25: PERNOS -ESTIBA | C25: =IFERROR(VLOOKUP(B25 ,INVENTARIO!$B$2:C994,2,0),"") -> Pernos Para Bandejas Estibador | D25: 6 | F25: =IFS(B25="","",F25<>"",F25,TRUE,NOW()) -> 45660.642
B26: ROD- CF1 1/8 S | C26: =IFERROR(VLOOKUP(B26 ,INVENTARIO!$B$2:C994,2,0),"") -> CF 1 1/8 S | D26: 4 | F26: =IFS(B26="","",F26<>"",F26,TRUE,NOW()) -> 45660.642
B27: ROD-UCT208 | C27: =IFERROR(VLOOKUP(B27 ,INVENTARIO!$B$2:C994,2,0),"") -> UCT208 | D27: 2 | F27: =IFS(B27="","",F27<>"",F27,TRUE,NOW()) -> 45660.643
B28: ROD-GY1103KRRB3 | C28: =IFERROR(VLOOKUP(B28 ,INVENTARIO!$B$2:C994,2,0),"") -> GY1103KRRB3 | D28: 2 | F28: =IFS(B28="","",F28<>"",F28,TRUE,NOW()) -> 45660.643
B29: ROD-UL211-200 | C29: =IFERROR(VLOOKUP(B29 ,INVENTARIO!$B$2:C994,2,0),"") -> UL211-200 | D29: 3 | F29: =IFS(B29="","",F29<>"",F29,TRUE,NOW()) -> 45660.685
B30: ROD-UC203 | C30: =IFERROR(VLOOKUP(B30 ,INVENTARIO!$B$2:C994,2,0),"") -> UC203 | D30: 7 | F30: =IFS(B30="","",F30<>"",F30,TRUE,NOW()) -> 45660.686
B31: ROD-UC206-20 | C31: =IFERROR(VLOOKUP(B31 ,INVENTARIO!$B$2:C994,2,0),"") -> UC206-20 EJE 31,74 | D31: 20 | F31: =IFS(B31="","",F31<>"",F31,TRUE,NOW()) -> 45660.686
B32: ROD-UC206 | C32: =IFERROR(VLOOKUP(B32 ,INVENTARIO!$B$2:C994,2,0),"") -> UC206-EJE 30 | D32: 13 | F32: =IFS(B32="","",F32<>"",F32,TRUE,NOW()) -> 45660.686
B33: ROD-UC206-104D1 | C33: =IFERROR(VLOOKUP(B33 ,INVENTARIO!$B$2:C994,2,0),"") -> UC206-104D1 | D33: 5 | F33: =IFS(B33="","",F33<>"",F33,TRUE,NOW()) -> 45660.687
B34: ROD-AEL206 | C34: =IFERROR(VLOOKUP(B34 ,INVENTARIO!$B$2:C994,2,0),"") -> AEL206-104D1 | D34: 4 | F34: =IFS(B34="","",F34<>"",F34,TRUE,NOW()) -> 45661.576
B35: ROD-UC206-G | C35: =IFERROR(VLOOKUP(B35 ,INVENTARIO!$B$2:C994,2,0),"") -> UC206G | D35: 4 | F35: =IFS(B35="","",F35<>"",F35,TRUE,NOW()) -> 45661.576
B36: ROD-UC204D1 | C36: =IFERROR(VLOOKUP(B36 ,INVENTARIO!$B$2:C994,2,0),"") -> UC204D1 | D36: 2 | F36: =IFS(B36="","",F36<>"",F36,TRUE,NOW()) -> 45661.576
B37: ROD-AS204D1 | C37: =IFERROR(VLOOKUP(B37 ,INVENTARIO!$B$2:C994,2,0),"") -> AS204D1 | D37: 2 | F37: =IFS(B37="","",F37<>"",F37,TRUE,NOW()) -> 45661.577
B38: ROD-UC203 | C38: =IFERROR(VLOOKUP(B38 ,INVENTARIO!$B$2:C994,2,0),"") -> UC203 | D38: 2 | F38: =IFS(B38="","",F38<>"",F38,TRUE,NOW()) -> 45661.578
B39: ROD-UC202-010D1 | C39: =IFERROR(VLOOKUP(B39 ,INVENTARIO!$B$2:C994,2,0),"") -> UC202-010D1 | D39: 10 | F39: =IFS(B39="","",F39<>"",F39,TRUE,NOW()) -> 45661.578
B40: ROD-UC211 | C40: =IFERROR(VLOOKUP(B40 ,INVENTARIO!$B$2:C994,2,0),"") -> UC211-200D1 | D40: 6 | F40: =IFS(B40="","",F40<>"",F40,TRUE,NOW()) -> 45661.579
B41: ROD-UC212 | C41: =IFERROR(VLOOKUP(B41 ,INVENTARIO!$B$2:C994,2,0),"") -> UC212D1 | D41: 2 | F41: =IFS(B41="","",F41<>"",F41,TRUE,NOW()) -> 45661.579
B42: ROD-UC205 | C42: =IFERROR(VLOOKUP(B42 ,INVENTARIO!$B$2:C994,2,0),"") -> UC205 | D42: 1 | F42: =IFS(B42="","",F42<>"",F42,TRUE,NOW()) -> 45661.579
B43: ROD-UC208 | C43: =IFERROR(VLOOKUP(B43 ,INVENTARIO!$B$2:C994,2,0),"") -> UC208-40MM | D43: 4 | F43: =IFS(B43="","",F43<>"",F43,TRUE,NOW()) -> 45661.579
B44: ROD-UC214 | C44: =IFERROR(VLOOKUP(B44 ,INVENTARIO!$B$2:C994,2,0),"") -> UC214D1 | D44: 2 | F44: =IFS(B44="","",F44<>"",F44,TRUE,NOW()) -> 45661.58
B45: ROD-UC209 | C45: =IFERROR(VLOOKUP(B45 ,INVENTARIO!$B$2:C994,2,0),"") -> UC209 | D45: 2 | F45: =IFS(B45="","",F45<>"",F45,TRUE,NOW()) -> 45661.58
B46: ROD-NK16/20R | C46: =IFERROR(VLOOKUP(B46 ,INVENTARIO!$B$2:C994,2,0),"") -> NK16/20R | D46: 2 | F46: =IFS(B46="","",F46<>"",F46,TRUE,NOW()) -> 45661.58
B47: ROD-AS204D1 | C47: =IFERROR(VLOOKUP(B47 ,INVENTARIO!$B$2:C994,2,0),"") -> AS204D1 | D47: 2 | F47: =IFS(B47="","",F47<>"",F47,TRUE,NOW()) -> 45661.581
B48: ROD-AS206-104 | C48: =IFERROR(VLOOKUP(B48 ,INVENTARIO!$B$2:C994,2,0),"") -> AS206-104 | D48: 1 | F48: =IFS(B48="","",F48<>"",F48,TRUE,NOW()) -> 45661.581
B49: ROD-GYE20KRRB | C49: =IFERROR(VLOOKUP(B49 ,INVENTARIO!$B$2:C994,2,0),"") -> GYE20KRRB | D49: 2 | F49: =IFS(B49="","",F49<>"",F49,TRUE,NOW()) -> 45661.581
B50: ROD-YEL206 | C50: =IFERROR(VLOOKUP(B50 ,INVENTARIO!$B$2:C994,2,0),"") -> YEL206 | D50: 1 | F50: =IFS(B50="","",F50<>"",F50,TRUE,NOW()) -> 45661.581
B51: ROD-YET206 | C51: =IFERROR(VLOOKUP(B51 ,INVENTARIO!$B$2:C994,2,0),"") -> YET206-103 | D51: 5 | F51: =IFS(B51="","",F51<>"",F51,TRUE,NOW()) -> 45661.582
B52: ROD-YET202-010 | C52: =IFERROR(VLOOKUP(B52 ,INVENTARIO!$B$2:C994,2,0),"") -> YET202-010 | D52: 5 | F52: =IFS(B52="","",F52<>"",F52,TRUE,NOW()) -> 45661.582
B53: ROD-UEL211 | C53: =IFERROR(VLOOKUP(B53 ,INVENTARIO!$B$2:C994,2,0),"") -> UEL211-200 | D53: 2 | F53: =IFS(B53="","",F53<>"",F53,TRUE,NOW()) -> 45661.582
B54: ROD-NA206 | C54: =IFERROR(VLOOKUP(B54 ,INVENTARIO!$B$2:C994,2,0),"") -> NA206 | D54: 4 | F54: =IFS(B54="","",F54<>"",F54,TRUE,NOW()) -> 45661.582
B55: ROD-UCP203D1 | C55: =IFERROR(VLOOKUP(B55 ,INVENTARIO!$B$2:C994,2,0),"") -> UCP203D1 | D55: 4 | F55: =IFS(B55="","",F55<>"",F55,TRUE,NOW()) -> 45661.583
B56: ROD-UCP214 | C56: =IFERROR(VLOOKUP(B56 ,INVENTARIO!$B$2:C994,2,0),"") -> UCP214D1 | D56: 2 | F56: =IFS(B56="","",F56<>"",F56,TRUE,NOW()) -> 45661.583
B57: ROD-H309 | C57: =IFERROR(VLOOKUP(B57 ,INVENTARIO!$B$2:C994,2,0),"") -> H309 | D57: 2 | F57: =IFS(B57="","",F57<>"",F57,TRUE,NOW()) -> 45661.583
B58: ROD-H309- usado | C58: =IFERROR(VLOOKUP(B58 ,INVENTARIO!$B$2:C994,2,0),"") -> H309 USADO | D58: 1 | F58: =IFS(B58="","",F58<>"",F58,TRUE,NOW()) -> 45661.583
B59: SET328 | C59: =IFERROR(VLOOKUP(B59 ,INVENTARIO!$B$2:C994,2,0),"") -> SET328 | D59: 2 | F59: =IFS(B59="","",F59<>"",F59,TRUE,NOW()) -> 45661.584
B60: ROD-1209 | C60: =IFERROR(VLOOKUP(B60 ,INVENTARIO!$B$2:C994,2,0),"") | D60: 9 | F60: =IFS(B60="","",F60<>"",F60,TRUE,NOW()) -> 45663.581
B61: ROD-1209-usado | C61: =IFERROR(VLOOKUP(B61 ,INVENTARIO!$B$2:C994,2,0),"") | D61: 1 | F61: =IFS(B61="","",F61<>"",F61,TRUE,NOW()) -> 45663.581
B62: ROD-32007A | C62: =IFERROR(VLOOKUP(B62 ,INVENTARIO!$B$2:C994,2,0),"") -> 32007A | D62: 7 | F62: =IFS(B62="","",F62<>"",F62,TRUE,NOW()) -> 45663.582
B63: ROD-32007X | C63: =IFERROR(VLOOKUP(B63 ,INVENTARIO!$B$2:C994,2,0),"") -> 32007X 4T-3007X | D63: 2 | F63: =IFS(B63="","",F63<>"",F63,TRUE,NOW()) -> 45663.583
B64: ROD-HR 32010 J | C64: =IFERROR(VLOOKUP(B64 ,INVENTARIO!$B$2:C994,2,0),"") | D64: 2 | F64: =IFS(B64="","",F64<>"",F64,TRUE,NOW()) -> 45663.583
B65: ROD-HE 32207 I | C65: =IFERROR(VLOOKUP(B65 ,INVENTARIO!$B$2:C994,2,0),"") | D65: 6 | F65: =IFS(B65="","",F65<>"",F65,TRUE,NOW()) -> 45663.583
B66: ROD-1212 | C66: =IFERROR(VLOOKUP(B66 ,INVENTARIO!$B$2:C994,2,0),"") -> 1212 doble bolilla cilindrico | D66: 6 | F66: =IFS(B66="","",F66<>"",F66,TRUE,NOW()) -> 45663.583
B67: ROD-32017 X | C67: =IFERROR(VLOOKUP(B67 ,INVENTARIO!$B$2:C994,2,0),"") -> 32017 X | D67: 1 | F67: =IFS(B67="","",F67<>"",F67,TRUE,NOW()) -> 45663.584
B68: ROD-30212-KML | C68: =IFERROR(VLOOKUP(B68 ,INVENTARIO!$B$2:C994,2,0),"") -> 30212-KML | D68: 9 | F68: =IFS(B68="","",F68<>"",F68,TRUE,NOW()) -> 45663.584
B69: ROD-30204 | C69: =IFERROR(VLOOKUP(B69 ,INVENTARIO!$B$2:C994,2,0),"") -> 30204 4T-30204 | D69: 6 | F69: =IFS(B69="","",F69<>"",F69,TRUE,NOW()) -> 45663.584
B70: ROD-5205-ZZ | C70: =IFERROR(VLOOKUP(B70 ,INVENTARIO!$B$2:C994,2,0),"") -> 5205SCZZ/2AS | D70: 1 | F70: =IFS(B70="","",F70<>"",F70,TRUE,NOW()) -> 45663.584
B71: ROD-1604 | C71: =IFERROR(VLOOKUP(B71 ,INVENTARIO!$B$2:C994,2,0),"") -> 1604DCTNTG18 | D71: 7 | F71: =IFS(B71="","",F71<>"",F71,TRUE,NOW()) -> 45663.584
B72: ROD-1621 | C72: =IFERROR(VLOOKUP(B72 ,INVENTARIO!$B$2:C994,2,0),"") -> 1621DCTNTG18 | D72: 16 | F72: =IFS(B72="","",F72<>"",F72,TRUE,NOW()) -> 45663.585
B73: ROD-1630 | C73: =IFERROR(VLOOKUP(B73 ,INVENTARIO!$B$2:C994,2,0),"") -> 1630 LLUU | D73: 6 | F73: =IFS(B73="","",F73<>"",F73,TRUE,NOW()) -> 45663.585
B74: ROD- 1820 | C74: =IFERROR(VLOOKUP(B74 ,INVENTARIO!$B$2:C994,2,0),"") -> 18X25X20 | D74: 4 | F74: =IFS(B74="","",F74<>"",F74,TRUE,NOW()) -> 45663.585
B75: ROD-1220ZKL | C75: =IFERROR(VLOOKUP(B75 ,INVENTARIO!$B$2:C994,2,0),"") -> 1220ZKL | D75: 2 | F75: =IFS(B75="","",F75<>"",F75,TRUE,NOW()) -> 45663.585
B76: ROD- R1581TV | C76: =IFERROR(VLOOKUP(B76 ,INVENTARIO!$B$2:C994,2,0),"") -> R1581TV | D76: 4 | F76: =IFS(B76="","",F76<>"",F76,TRUE,NOW()) -> 45663.585
B77: ROD-6800 | C77: =IFERROR(VLOOKUP(B77 ,INVENTARIO!$B$2:C994,2,0),"") -> 6800LLU | D77: 20 | F77: =IFS(B77="","",F77<>"",F77,TRUE,NOW()) -> 45666.533
B78: ROD- R1581TV | C78: =IFERROR(VLOOKUP(B78 ,INVENTARIO!$B$2:C994,2,0),"") -> R1581TV | D78: 4 | F78: =IFS(B78="","",F78<>"",F78,TRUE,NOW()) -> 45668.691
B79: ROD-387-382A | C79: =IFERROR(VLOOKUP(B79 ,INVENTARIO!$B$2:C994,2,0),"") -> 4-387A-382A | D79: 6 | F79: =IFS(B79="","",F79<>"",F79,TRUE,NOW()) -> 45668.692
B80: FL-205 | C80: =IFERROR(VLOOKUP(B80 ,INVENTARIO!$B$2:C994,2,0),"") -> Bancada de dos fijaciones para uc205 | D80: 2 | F80: =IFS(B80="","",F80<>"",F80,TRUE,NOW()) -> 45670.471
B81: UCP-UCP211 | C81: =IFERROR(VLOOKUP(B81 ,INVENTARIO!$B$2:C994,2,0),"") -> UCP211 | D81: 4 | F81: =IFS(B81="","",F81<>"",F81,TRUE,NOW()) -> 45670.471
B82: ROD-UCP209 | C82: =IFERROR(VLOOKUP(B82 ,INVENTARIO!$B$2:C994,2,0),"") -> UCP209 | D82: 3 | F82: =IFS(B82="","",F82<>"",F82,TRUE,NOW()) -> 45670.471
B83: ROD-382A | C83: =IFERROR(VLOOKUP(B83 ,INVENTARIO!$B$2:C994,2,0),"") -> 4T-382A | D83: 21 | F83: =IFS(B83="","",F83<>"",F83,TRUE,NOW()) -> 45670.471
B84: ROD-203KRR2 | C84: =IFERROR(VLOOKUP(B84 ,INVENTARIO!$B$2:C994,2,0),"") -> 203KRR2 | D84: 1 | F84: =IFS(B84="","",F84<>"",F84,TRUE,NOW()) -> 45670.472
B85: ROD-203KDD | C85: =IFERROR(VLOOKUP(B85 ,INVENTARIO!$B$2:C994,2,0),"") -> 203KDD | D85: 1 | F85: =IFS(B85="","",F85<>"",F85,TRUE,NOW()) -> 45670.472
B86: ROD-R10RS | C86: =IFERROR(VLOOKUP(B86 ,INVENTARIO!$B$2:C994,2,0),"") | D86: 10 | F86: =IFS(B86="","",F86<>"",F86,TRUE,NOW()) -> 45670.472
B87: ROD-63310 | C87: =IFERROR(VLOOKUP(B87 ,INVENTARIO!$B$2:C994,2,0),"") -> 63310LLU 63310LLU/2AS | D87: 19 | F87: =IFS(B87="","",F87<>"",F87,TRUE,NOW()) -> 45670.472
B88: ROD-6000 | C88: =IFERROR(VLOOKUP(B88 ,INVENTARIO!$B$2:C994,2,0),"") -> 6000LLUC3 | D88: 11 | F88: =IFS(B88="","",F88<>"",F88,TRUE,NOW()) -> 45670.472
B89: ROD- 6003 | C89: =IFERROR(VLOOKUP(B89 ,INVENTARIO!$B$2:C994,2,0),"") -> 6003 LLU/C3 - 17X35X10 | D89: 17 | F89: =IFS(B89="","",F89<>"",F89,TRUE,NOW()) -> 45670.473
B90: ROD-6002 | C90: =IFERROR(VLOOKUP(B90 ,INVENTARIO!$B$2:C994,2,0),"") | D90: 15 | F90: =IFS(B90="","",F90<>"",F90,TRUE,NOW()) -> 45670.473
B91: ROD-6004 | C91: =IFERROR(VLOOKUP(B91 ,INVENTARIO!$B$2:C994,2,0),"") -> 6004-2RST/C3 | D91: 10 | F91: =IFS(B91="","",F91<>"",F91,TRUE,NOW()) -> 45670.473
B92: ROD-6004-rsh | C92: =IFERROR(VLOOKUP(B92 ,INVENTARIO!$B$2:C994,2,0),"") | D92: 10 | F92: =IFS(B92="","",F92<>"",F92,TRUE,NOW()) -> 45670.474
B93: ROD-6005 | C93: =IFERROR(VLOOKUP(B93 ,INVENTARIO!$B$2:C994,2,0),"") -> 6005LLUC3/ 6005LLUC3/2AS | D93: 8 | F93: =IFS(B93="","",F93<>"",F93,TRUE,NOW()) -> 45670.474
B94: ROD-6006 | C94: =IFERROR(VLOOKUP(B94 ,INVENTARIO!$B$2:C994,2,0),"") -> 6006-2RSC/3 | D94: 12 | F94: =IFS(B94="","",F94<>"",F94,TRUE,NOW()) -> 45670.474
B95: ROD-6007 | C95: =IFERROR(VLOOKUP(B95 ,INVENTARIO!$B$2:C994,2,0),"") -> 6007LLUC3 6007LLUC3/2AS | D95: 10 | F95: =IFS(B95="","",F95<>"",F95,TRUE,NOW()) -> 45670.474
B96: ROD-6008 | C96: =IFERROR(VLOOKUP(B96 ,INVENTARIO!$B$2:C994,2,0),"") -> 6008LLUC3 | D96: 8 | F96: =IFS(B96="","",F96<>"",F96,TRUE,NOW()) -> 45670.474
B97: ROD-6009 | C97: =IFERROR(VLOOKUP(B97 ,INVENTARIO!$B$2:C994,2,0),"") -> 6009 2RS | D97: 2 | F97: =IFS(B97="","",F97<>"",F97,TRUE,NOW()) -> 45670.475
B98: ROD-6013 | C98: =IFERROR(VLOOKUP(B98 ,INVENTARIO!$B$2:C994,2,0),"") -> 6013 | D98: 10 | F98: =IFS(B98="","",F98<>"",F98,TRUE,NOW()) -> 45670.475
B99: ROD-6200 | C99: =IFERROR(VLOOKUP(B99 ,INVENTARIO!$B$2:C994,2,0),"") -> 6200-2RSC3 | D99: 2 | F99: =IFS(B99="","",F99<>"",F99,TRUE,NOW()) -> 45670.475
B100: ROD-AEL202 | C100: =IFERROR(VLOOKUP(B100 ,INVENTARIO!$B$2:C994,2,0),"") -> AEL202 | D100: 8 | F100: =IFS(B100="","",F100<>"",F100,TRUE,NOW()) -> 45670.475
B101: ROD-6201 | C101: =IFERROR(VLOOKUP(B101 ,INVENTARIO!$B$2:C994,2,0),"") -> 6201LLUC3/2RS | D101: 0 | F101: =IFS(B101="","",F101<>"",F101,TRUE,NOW()) -> 45670.475
B102: ROD-203KRR | C102: =IFERROR(VLOOKUP(B102 ,INVENTARIO!$B$2:C994,2,0),"") -> 203KRR | D102: 4 | F102: =IFS(B102="","",F102<>"",F102,TRUE,NOW()) -> 45670.476
...

Sheet SALIDAS
B2: REFERENCIA | C2: NOMBRE | D2: Cantidad de artículos a descargar | E2: Disponible en stock | F2: FECHA | G2: TÉCNICO
B3: ROD-6202-2RS | D3: 8 | F3: =IFS(B3="","",F3<>"",F3,TRUE,NOW()) -> 45670.578
B4: BANC-P211 | C4: =IFERROR(VLOOKUP(B4 ,INVENTARIO!$B$2:C996,2,0),"") -> P211 | D4: 1 | F4: =IFS(B4="","",F4<>"",F4,TRUE,NOW()) -> 45678.873
B5: ROD-6205 | C5: =IFERROR(VLOOKUP(B5 ,INVENTARIO!$B$2:C996,2,0),"") -> 6205-2RST/C3 | D5: 2 | F5: =IFS(B5="","",F5<>"",F5,TRUE,NOW()) -> 45680.557
B6: ret- 25-37-7 | C6: =IFERROR(VLOOKUP(B6 ,INVENTARIO!$B$2:C996,2,0),"") | D6: 2 | F6: =IFS(B6="","",F6<>"",F6,TRUE,NOW()) -> 45680.59
B7: ROD-6203 | C7: =IFERROR(VLOOKUP(B7 ,INVENTARIO!$B$2:C996,2,0),"") -> 6203 2RST/C3 | D7: 1 | F7: =IFS(B7="","",F7<>"",F7,TRUE,NOW()) -> 45680.594
B8: ROD-UC204D1 | C8: =IFERROR(VLOOKUP(B8 ,INVENTARIO!$B$2:C996,2,0),"") -> UC204D1 | D8: 1 | F8: =IFS(B8="","",F8<>"",F8,TRUE,NOW()) -> 45680.805
B9: ROD- 6903 | C9: 69032rs | D9: 2 | F9: =IFS(B9="","",F9<>"",F9,TRUE,NOW()) -> 45680.806
B10: ROD-UC205 | C10: =IFERROR(VLOOKUP(B10 ,INVENTARIO!$B$2:C996,2,0),"") -> UC205 | D10: 1 | F10: =IFS(B10="","",F10<>"",F10,TRUE,NOW()) -> 45694.685
B11: RET- 5427 | C11: =IFERROR(VLOOKUP(B11 ,INVENTARIO!$B$2:C996,2,0),"") -> 35-47-7 | F11: =IFS(B11="","",F11<>"",F11,TRUE,NOW()) -> 45695.676
B12: ROD-UC204D1 | C12: =IFERROR(VLOOKUP(B12 ,INVENTARIO!$B$2:C996,2,0),"") -> UC204D1 | D12: 1 | F12: =IFS(B12="","",F12<>"",F12,TRUE,NOW()) -> 45702.364
B13: ROD-UC204D1 | C13: =IFERROR(VLOOKUP(B13 ,INVENTARIO!$B$2:C996,2,0),"") -> UC204D1 | D13: 2 | F13: =IFS(B13="","",F13<>"",F13,TRUE,NOW()) -> 45707.333
B14: ROD- 6903 | C14: =IFERROR(VLOOKUP(B14 ,INVENTARIO!$B$2:C996,2,0),"") -> 6903 | D14: 2 | F14: =IFS(B14="","",F14<>"",F14,TRUE,NOW()) -> 45707.337
B15: ROD-1209 | C15: =IFERROR(VLOOKUP(B15 ,INVENTARIO!$B$2:C996,2,0),"") | D15: 2 | F15: =IFS(B15="","",F15<>"",F15,TRUE,NOW()) -> 45713.361
B16: ROD-1621 | C16: =IFERROR(VLOOKUP(B16 ,INVENTARIO!$B$2:C996,2,0),"") -> 1621DCTNTG18 | D16: 4 | F16: =IFS(B16="","",F16<>"",F16,TRUE,NOW()) -> 45714.548
B17: ROD-6206 | C17: =IFERROR(VLOOKUP(B17 ,INVENTARIO!$B$2:C996,2,0),"") -> 6206LLUC3 6206 LLUC3/2AS | D17: 1 | F17: =IFS(B17="","",F17<>"",F17,TRUE,NOW()) -> 45714.55
B18: ROD-6209 | C18: =IFERROR(VLOOKUP(B18 ,INVENTARIO!$B$2:C996,2,0),"") -> 6209LLUC3 6209LLUC3/2AS | D18: 1 | F18: =IFS(B18="","",F18<>"",F18,TRUE,NOW()) -> 45717.843
B19: RET- 5462 | C19: =IFERROR(VLOOKUP(B19 ,INVENTARIO!$B$2:C996,2,0),"") | D19: 1 | F19: =IFS(B19="","",F19<>"",F19,TRUE,NOW()) -> 45718.335
B20: ROD-6004 | C20: =IFERROR(VLOOKUP(B20 ,INVENTARIO!$B$2:C996,2,0),"") -> 6004-2RST/C3 | D20: 2 | F20: =IFS(B20="","",F20<>"",F20,TRUE,NOW()) -> 45719.264
B21: ROD-6005 | C21: =IFERROR(VLOOKUP(B21 ,INVENTARIO!$B$2:C996,2,0),"") -> 6005LLUC3/ 6005LLUC3/2AS | D21: 6 | F21: =IFS(B21="","",F21<>"",F21,TRUE,NOW()) -> 45719.264
B22: COR-240XL | C22: =IFERROR(VLOOKUP(B22 ,INVENTARIO!$B$2:C996,2,0),"") -> CORREA DENTADA 240XL Transferencia | D22: 1 | F22: =IFS(B22="","",F22<>"",F22,TRUE,NOW()) -> 45719.265
B23: COR-B47 | C23: =IFERROR(VLOOKUP(B23 ,INVENTARIO!$B$2:C996,2,0),"") -> Correas B-47 | D23: 2 | F23: =IFS(B23="","",F23<>"",F23,TRUE,NOW()) -> 45719.266
B24: RET-50-65-10 | C24: =IFERROR(VLOOKUP(B24 ,INVENTARIO!$B$2:C996,2,0),"") | D24: 2 | F24: =IFS(B24="","",F24<>"",F24,TRUE,NOW()) -> 45719.642
B25: ROD-6201 | C25: =IFERROR(VLOOKUP(B25 ,INVENTARIO!$B$2:C996,2,0),"") -> 6201LLUC3/2RS | D25: 1 | F25: =IFS(B25="","",F25<>"",F25,TRUE,NOW()) -> 45723.52
B26: ROD-6002 | C26: =IFERROR(VLOOKUP(B26 ,INVENTARIO!$B$2:C996,2,0),"") | D26: 1 | F26: =IFS(B26="","",F26<>"",F26,TRUE,NOW()) -> 45723.521
B27: MAN-MM40-35 | C27: =IFERROR(VLOOKUP(B2),"") | D27: 2 | F27: =IFS(B27="","",F27<>"",F27,TRUE,NOW()) -> 45724.449
B28: FIL-REG- | C28: =IFERROR(VLOOKUP(B28 ,INVENTARIO!$B$2:C996,2,0),"") -> filtro regulador con manometro | D28: 1 | F28: =IFS(B28="","",F28<>"",F28,TRUE,NOW()) -> 45724.45
B29: ROD-6304 | C29: =IFERROR(VLOOKUP(B29 ,INVENTARIO!$B$2:C996,2,0),"") -> 6304/2RS-C3 | D29: 1 | F29: =IFS(B29="","",F29<>"",F29,TRUE,NOW()) -> 45727.506
B30: ROD-6800 | C30: =IFERROR(VLOOKUP(B30 ,INVENTARIO!$B$2:C996,2,0),"") -> 6800LLU | D30: 2 | F30: =IFS(B30="","",F30<>"",F30,TRUE,NOW()) -> 45728.583
B31: RET-7297 | C31: =IFERROR(VLOOKUP(B31 ,INVENTARIO!$B$2:C996,2,0),"") -> DBH 8233 / 45-65-10 | D31: 2 | F31: =IFS(B31="","",F31<>"",F31,TRUE,NOW()) -> 45729.665
B32: ROD- 6003 | C32: =IFERROR(VLOOKUP(B32 ,INVENTARIO!$B$2:C996,2,0),"") -> 6003 LLU/C3 - 17X35X10 | D32: 4 | F32: =IFS(B32="","",F32<>"",F32,TRUE,NOW()) -> 45731.284
B33: ROD-6307 | C33: =IFERROR(VLOOKUP(B33 ,INVENTARIO!$B$2:C996,2,0),"") -> 6307 2RS | D33: 2 | F33: =IFS(B33="","",F33<>"",F33,TRUE,NOW()) -> 45733.438
B34: ROD-UC205 | C34: =IFERROR(VLOOKUP(B34 ,INVENTARIO!$B$2:C996,2,0),"") -> UC205 | D34: 2 | F34: =IFS(B34="","",F34<>"",F34,TRUE,NOW()) -> 45734.448
B35: RET-1134 | C35: =IFERROR(VLOOKUP(B35 ,INVENTARIO!$B$2:C996,2,0),"") -> 24-42-8 | D35: 2 | F35: =IFS(B35="","",F35<>"",F35,TRUE,NOW()) -> 45734.456
B36: ROD-UC204D1 | C36: =IFERROR(VLOOKUP(B36 ,INVENTARIO!$B$2:C996,2,0),"") -> UC204D1 | D36: 2 | F36: =IFS(B36="","",F36<>"",F36,TRUE,NOW()) -> 45735.688
B37: ROD-6201 | C37: =IFERROR(VLOOKUP(B37 ,INVENTARIO!$B$2:C996,2,0),"") -> 6201LLUC3/2RS | D37: 2 | F37: =IFS(B37="","",F37<>"",F37,TRUE,NOW()) -> 45736.413
B38: COR-240XL | C38: =IFERROR(VLOOKUP(B38 ,INVENTARIO!$B$2:C996,2,0),"") -> CORREA DENTADA 240XL Transferencia | D38: 6 | F38: =IFS(B38="","",F38<>"",F38,TRUE,NOW()) -> 45736.43
B39: ROD-UC204D1 | C39: =IFERROR(VLOOKUP(B39 ,INVENTARIO!$B$2:C996,2,0),"") -> UC204D1 | D39: 2 | F39: =IFS(B39="","",F39<>"",F39,TRUE,NOW()) -> 45737.576
B40: RED-ALFA NMRV040 | C40: =IFERROR(VLOOKUP(B40 ,INVENTARIO!$B$2:C996,2,0),"") -> R-7,5 Nuevo | D40: 1 | F40: =IFS(B40="","",F40<>"",F40,TRUE,NOW()) -> 45737.618
B41: RET- 7213 | C41: =IFERROR(VLOOKUP(B41 ,INVENTARIO!$B$2:C996,2,0),"") -> RET-45-75-8 | D41: 1 | F41: =IFS(B41="","",F41<>"",F41,TRUE,NOW()) -> 45737.882
C42: RET- 20-30-7 | D42: 1 | F42: =IFS(B42="","",F42<>"",F42,TRUE,NOW())
B43: ROD-UC205 | C43: =IFERROR(VLOOKUP(B43 ,INVENTARIO!$B$2:C996,2,0),"") -> UC205 | D43: 1 | F43: =IFS(B43="","",F43<>"",F43,TRUE,NOW()) -> 45741.606
B44: RUE-ZTAP | C44: Rueda zorra de tapas | D44: 2 | F44: =IFS(B44="","",F44<>"",F44,TRUE,NOW()) -> 45744.547
B45: HOR-ZTAP | C45: Horquilla giratoria zorra de tapas | D45: 1 | F45: =IFS(B45="","",F45<>"",F45,TRUE,NOW()) -> 45744.547
B46: FER-CINT-PAP-AN | C46: =IFERROR(VLOOKUP(B46 ,INVENTARIO!$B$2:C996,2,0),"") -> rollo ancho | D46: 1 | F46: =IFS(B46="","",F46<>"",F46,TRUE,NOW()) -> 45749.468
B47: HER-DIS-FLAP-4.5-40 | C47: =IFERROR(VLOOKUP(B47 ,INVENTARIO!$B$2:C996,2,0),"") -> discos flap 40 | D47: 3 | F47: =IFS(B47="","",F47<>"",F47,TRUE,NOW()) -> 45749.468
B48: VAL-1" | D48: 1 | F48: =IFS(B48="","",F48<>"",F48,TRUE,NOW()) -> 45749.469
B49: RED-1"A3/4" | C49: =IFERROR(VLOOKUP(B49 ,INVENTARIO!$B$2:C996,2,0),"") -> reduccion hembra macho | D49: 1 | F49: =IFS(B49="","",F49<>"",F49,TRUE,NOW()) -> 45749.47
B50: UNI-MAN 3/4" | C50: =IFERROR(VLOOKUP(B50 ,INVENTARIO!$B$2:C996,2,0),"") -> union de manguera | D50: 1 | F50: =IFS(B50="","",F50<>"",F50,TRUE,NOW()) -> 45749.471
B51: AER-W40 | C51: =IFERROR(VLOOKUP(B51 ,INVENTARIO!$B$2:C996,2,0),"") | D51: 1 | F51: =IFS(B51="","",F51<>"",F51,TRUE,NOW()) -> 45749.475
B52: FER-PREC-300-4.8 | C52: =IFERROR(VLOOKUP(B52 ,INVENTARIO!$B$2:C996,2,0),"") -> precintos de 300/4,8 | D52: 1 | F52: =IFS(B52="","",F52<>"",F52,TRUE,NOW()) -> 45755.382
B53: PIN-PROF- | C53: =IFERROR(VLOOKUP(B53 ,INVENTARIO!$B$2:C996,2,0),"") -> pincel profecional 15mm | D53: 1 | F53: =IFS(B53="","",F53<>"",F53,TRUE,NOW()) -> 45755.382
B54: PIN-PINCEL | C54: =IFERROR(VLOOKUP(B54 ,INVENTARIO!$B$2:C996,2,0),"") -> Pinceles profecional Nº7 | D54: 1 | F54: =IFS(B54="","",F54<>"",F54,TRUE,NOW()) -> 45755.383
B55: STECK-SLPL41 | C55: =IFERROR(VLOOKUP(B55 ,INVENTARIO!$B$2:C996,2,0),"") -> contactos normal cerrado /STECK | D55: 7 | F55: =IFS(B55="","",F55<>"",F55,TRUE,NOW()) -> 45757.601
B56: STECK-SLPL42 | C56: =IFERROR(VLOOKUP(B56 ,INVENTARIO!$B$2:C996,2,0),"") -> contactos normal abierto /STECK | D56: 10 | F56: =IFS(B56="","",F56<>"",F56,TRUE,NOW()) -> 45757.601
B57: ROD-6004 | C57: =IFERROR(VLOOKUP(B57 ,INVENTARIO!$B$2:C996,2,0),"") -> 6004-2RST/C3 | D57: 6 | F57: =IFS(B57="","",F57<>"",F57,TRUE,NOW()) -> 45758.394
B58: COR-240XL | C58: =IFERROR(VLOOKUP(B58 ,INVENTARIO!$B$2:C996,2,0),"") -> CORREA DENTADA 240XL Transferencia | D58: 1 | F58: =IFS(B58="","",F58<>"",F58,TRUE,NOW()) -> 45758.669
B59: ROD-6204 | C59: =IFERROR(VLOOKUP(B59 ,INVENTARIO!$B$2:C996,2,0),"") -> 6204LLUC3/EM 6204LLUC3/L627 | F59: =IFS(B59="","",F59<>"",F59,TRUE,NOW()) -> 45763.348
B60: RET | C60: 45-65-10 | F60: =IFS(B60="","",F60<>"",F60,TRUE,NOW()) -> 45763.351
B61: STECK-SLPL41 | C61: =IFERROR(VLOOKUP(B61 ,INVENTARIO!$B$2:C996,2,0),"") -> contactos normal cerrado /STECK | D61: 4 | F61: =IFS(B61="","",F61<>"",F61,TRUE,NOW()) -> 45763.475
B62: STECK-SLPL42 | C62: =IFERROR(VLOOKUP(B62 ,INVENTARIO!$B$2:C996,2,0),"") -> contactos normal abierto /STECK | D62: 3 | F62: =IFS(B62="","",F62<>"",F62,TRUE,NOW()) -> 45763.476
B63: PUL-SLPRN2 | C63: =IFERROR(VLOOKUP(B63 ,INVENTARIO!$B$2:C996,2,0),"") -> pulsadores verdes, rasante sin retención | D63: 2 | F63: =IFS(B63="","",F63<>"",F63,TRUE,NOW()) -> 45763.483
B64: rod-6201 | C64: =IFERROR(VLOOKUP(B64 ,INVENTARIO!$B$2:C996,2,0),"") -> 6201LLUC3/2RS | D64: 1 | F64: =IFS(B64="","",F64<>"",F64,TRUE,NOW()) -> 45763.585
B65: rod-6002 | C65: =IFERROR(VLOOKUP(B65 ,INVENTARIO!$B$2:C996,2,0),"") | D65: 1 | F65: =IFS(B65="","",F65<>"",F65,TRUE,NOW()) -> 45763.585
B66: UCFL204 | C66: =IFERROR(VLOOKUP(B66 ,INVENTARIO!$B$2:C996,2,0),"") -> UCFL204 | D66: 1 | F66: =IFS(B66="","",F66<>"",F66,TRUE,NOW()) -> 45776.381
B67: ROD-UC205 | C67: =IFERROR(VLOOKUP(B67 ,INVENTARIO!$B$2:C996,2,0),"") -> UC205 | D67: 1 | F67: =IFS(B67="","",F67<>"",F67,TRUE,NOW()) -> 45776.381
B68: ROD-6304 | D68: 1 | F68: 45780
B69: ROD-6209 | C69: =IFERROR(VLOOKUP(B69 ,INVENTARIO!$B$2:C996,2,0),"") -> 6209LLUC3 6209LLUC3/2AS | D69: 1 | F69: =IFS(B69="","",F69<>"",F69,TRUE,NOW()) -> 45780.406
B70: RET-10308 | C70: =IFERROR(VLOOKUP(B70 ,INVENTARIO!$B$2:C996,2,0),"") -> SAV 35-72-10 | D70: 1 | F70: =IFS(B70="","",F70<>"",F70,TRUE,NOW()) -> 45780.406
B71: RET-5462 | C71: =IFERROR(VLOOKUP(B71 ,INVENTARIO!$B$2:C996,2,0),"") -> SAV 68-90-13 | D71: 1 | F71: =IFS(B71="","",F71<>"",F71,TRUE,NOW()) -> 45780.409
B72: ROD-UC206 | C72: =IFERROR(VLOOKUP(B72 ,INVENTARIO!$B$2:C996,2,0),"") -> UC206-EJE 30 | D72: 2 | F72: =IFS(B72="","",F72<>"",F72,TRUE,NOW()) -> 45782.263
B73: ROD-6004 | C73: =IFERROR(VLOOKUP(B73 ,INVENTARIO!$B$2:C996,2,0),"") -> 6004-2RST/C3 | D73: 2 | F73: =IFS(B73="","",F73<>"",F73,TRUE,NOW()) -> 45783.269
B74: Man-Gom | C74: =IFERROR(VLOOKUP(B74 ,INVENTARIO!$B$2:C996,2,0),"") | D74: 1 | F74: =IFS(B74="","",F74<>"",F74,TRUE,NOW()) -> 45783.344
B75: COR- A-27 | C75: =IFERROR(VLOOKUP(B75 ,INVENTARIO!$B$2:C996,2,0),"") -> A-27 EQUIPOS -AIRE | D75: 2 | F75: =IFS(B75="","",F75<>"",F75,TRUE,NOW()) -> 45784.416
B76: ROD-6002 | C76: =IFERROR(VLOOKUP(B76 ,INVENTARIO!$B$2:C996,2,0),"") | D76: 1 | F76: =IFS(B76="","",F76<>"",F76,TRUE,NOW()) -> 45784.678
B77: ROD-6201 | C77: =IFERROR(VLOOKUP(B77 ,INVENTARIO!$B$2:C996,2,0),"") -> 6201LLUC3/2RS | D77: 1 | F77: =IFS(B77="","",F77<>"",F77,TRUE,NOW()) -> 45784.678
B78: UNI-CAD-40X1 | C78: =IFERROR(VLOOKUP(B78 ,INVENTARIO!$B$2:C996,2,0),"") -> union cadena 40 simple | D78: 3 | F78: =IFS(B78="","",F78<>"",F78,TRUE,NOW()) -> 45785.951
B79: DIL-RS-1427M | C79: =IFERROR(VLOOKUP(B79 ,INVENTARIO!$B$2:C996,2,0),"") -> diluyente de tinta HITACHI | D79: 1 | F79: =IFS(B79="","",F79<>"",F79,TRUE,NOW()) -> 45789.399
B80: ROD- 6903 | C80: =IFERROR(VLOOKUP(B80 ,INVENTARIO!$B$2:C996,2,0),"") -> 6903 | D80: 2 | F80: =IFS(B80="","",F80<>"",F80,TRUE,NOW()) -> 45790.025
B81: RET- 5134 | C81: =IFERROR(VLOOKUP(B81 ,INVENTARIO!$B$2:C996,2,0),"") | D81: 2 | F81: =IFS(B81="","",F81<>"",F81,TRUE,NOW()) -> 45790.07
B82: HER-DIS-COR-4.5 | C82: =IFERROR(VLOOKUP(B82 ,INVENTARIO!$B$2:C996,2,0),"") -> Disco de corte | D82: 10 | F82: =IFS(B82="","",F82<>"",F82,TRUE,NOW()) -> 45792.365
B83: HER-DIS-DESB4.5 | C83: =IFERROR(VLOOKUP(B83 ,INVENTARIO!$B$2:C996,2,0),"") -> Disco abrasivi para desbaste | D83: 1 | F83: =IFS(B83="","",F83<>"",F83,TRUE,NOW()) -> 45792.365
B84: HER-DIS-FLAP-4.5-120 | C84: =IFERROR(VLOOKUP(B84 ,INVENTARIO!$B$2:C996,2,0),"") -> discos flap 120 | D84: 2 | F84: =IFS(B84="","",F84<>"",F84,TRUE,NOW()) -> 45792.366
B85: ROD-6206 | C85: =IFERROR(VLOOKUP(B85 ,INVENTARIO!$B$2:C996,2,0),"") -> 6206LLUC3 6206 LLUC3/2AS | D85: 2 | F85: =IFS(B85="","",F85<>"",F85,TRUE,NOW()) -> 45794.422
B86: ROD-UC204D1 | D86: 1 | F86: =IFS(B86="","",F86<>"",F86,TRUE,NOW()) -> 45794.533
B87: COR-B39 | C87: =IFERROR(VLOOKUP(B87 ,INVENTARIO!$B$2:C996,2,0),"") -> Correas B-39 | F87: =IFS(B87="","",F87<>"",F87,TRUE,NOW()) -> 45796.685
B88: ROD-6203 | C88: =IFERROR(VLOOKUP(B88 ,INVENTARIO!$B$2:C996,2,0),"") -> 6203 2RST/C3 | D88: 2 | F88: =IFS(B88="","",F88<>"",F88,TRUE,NOW()) -> 45797.524
B89: RET- 5270 | C89: =IFERROR(VLOOKUP(B89 ,INVENTARIO!$B$2:C996,2,0),"") -> 30-40-7 | F89: =IFS(B89="","",F89<>"",F89,TRUE,NOW()) -> 45797.524
B90: PERNOS -ESTIBA | C90: =IFERROR(VLOOKUP(B90 ,INVENTARIO!$B$2:C996,2,0),"") -> Pernos Para Bandejas Estibador | D90: 1 | F90: =IFS(B90="","",F90<>"",F90,TRUE,NOW()) -> 45811.433
B91: ROD-6302 | C91: =IFERROR(VLOOKUP(B91 ,INVENTARIO!$B$2:C996,2,0),"") -> 6302 2RSR/C3.J22C | D91: 2 | F91: =IFS(B91="","",F91<>"",F91,TRUE,NOW()) -> 45814.454
B92: COR-B36 | C92: =IFERROR(VLOOKUP(B92 ,INVENTARIO!$B$2:C996,2,0),"") -> Correas B-36 | D92: 2 | F92: =IFS(B92="","",F92<>"",F92,TRUE,NOW()) -> 45814.454
B93: ROD-UC206 | C93: =IFERROR(VLOOKUP(B93 ,INVENTARIO!$B$2:C996,2,0),"") -> UC206-EJE 30 | D93: 1 | F93: =IFS(B93="","",F93<>"",F93,TRUE,NOW()) -> 45827.348
B94: ROD-H309 | C94: =IFERROR(VLOOKUP(B94 ,INVENTARIO!$B$2:C996,2,0),"") -> H309 | D94: 2 | F94: =IFS(B94="","",F94<>"",F94,TRUE,NOW()) -> 45828.347
B95: ROD-1209K | C95: =IFERROR(VLOOKUP(B95 ,INVENTARIO!$B$2:C996,2,0),"") -> 1209K C3 | D95: 2 | F95: =IFS(B95="","",F95<>"",F95,TRUE,NOW()) -> 45828.35
B96: DIL-A589 | C96: =IFERROR(VLOOKUP(B96 ,INVENTARIO!$B$2:C996,2,0),"") -> diluyente de tinta IMAJE | D96: 4 | F96: =IFS(B96="","",F96<>"",F96,TRUE,NOW()) -> 45828.548
B97: COR-B45 | D97: 2 | F97: =IFS(B97="","",F97<>"",F97,TRUE,NOW()) -> 0
B98: COR-240XL | C98: =IFERROR(VLOOKUP(B98 ,INVENTARIO!$B$2:C996,2,0),"") -> CORREA DENTADA 240XL Transferencia | D98: 1 | F98: =IFS(B98="","",F98<>"",F98,TRUE,NOW()) -> 45829.543
B99: ROD-6800 | C99: =IFERROR(VLOOKUP(B99 ,INVENTARIO!$B$2:C996,2,0),"") -> 6800LLU | D99: 8 | F99: =IFS(B99="","",F99<>"",F99,TRUE,NOW()) -> 45836.585
B100: ROD-UC204D1 | C100: =IFERROR(VLOOKUP(B100 ,INVENTARIO!$B$2:C996,2,0),"") -> UC204D1 | D100: 6 | F100: =IFS(B100="","",F100<>"",F100,TRUE,NOW()) -> 45840.405
B101: ROD-UC205 | C101: =IFERROR(VLOOKUP(B101 ,INVENTARIO!$B$2:C996,2,0),"") -> UC205 | D101: 2 | F101: =IFS(B101="","",F101<>"",F101,TRUE,NOW()) -> 45840.405
...

Sheet TOTALES
B2: REFERENCIA | C2: NOMBRE | D2: ENTRADAS | E2: SALIDAS | F2: RESTO | G2: VALOR ENTRADAS | H2: VALOR SALIDAS
B3: {=UNIQUE(ENTRADAS!B4:B1000)} -> CAD-40 | C3: =IFERROR(VLOOKUP(B3 ,INVENTARIO!B2:C1000,2,0),"") | D3: =SUMIF(ENTRADAS!B:B,B3,ENTRADAS!D:D) -> 11.5 | E3: =SUMIF(SALIDAS!B:B,B3,SALIDAS!D:D) -> 0 | F3: =SUM(D3-E3) -> 11.5
B4: CAD-S55 | C4: =IFERROR(VLOOKUP(B4 ,INVENTARIO!B3:C1000,2,0),"") -> ASA S55 simple | D4: =SUMIF(ENTRADAS!B:B,B4,ENTRADAS!D:D) -> 1.5 | E4: =SUMIF(SALIDAS!B:B,B4,SALIDAS!D:D) -> 0 | F4: =SUM(D4-E4) -> 1.5
B5: CAD-50 Doble | C5: =IFERROR(VLOOKUP(B5 ,INVENTARIO!B4:C1000,2,0),"") -> ASA 50 doble | D5: =SUMIF(ENTRADAS!B:B,B5,ENTRADAS!D:D) -> 8.7 | E5: =SUMIF(SALIDAS!B:B,B5,SALIDAS!D:D) -> 0 | F5: =SUM(D5-E5) -> 8.7
B6: CAD-SS50 | C6: =IFERROR(VLOOKUP(B6 ,INVENTARIO!B5:C1000,2,0),"") -> ASA 50 simple inoxidable | D6: =SUMIF(ENTRADAS!B:B,B6,ENTRADAS!D:D) -> 0.6 | E6: =SUMIF(SALIDAS!B:B,B6,SALIDAS!D:D) -> 0 | F6: =SUM(D6-E6) -> 0.6
B7: CAD-S60 Doble | C7: =IFERROR(VLOOKUP(B7 ,INVENTARIO!B6:C1000,2,0),"") -> ASA 60 DOBLE | D7: =SUMIF(ENTRADAS!B:B,B7,ENTRADAS!D:D) -> 9.8 | E7: =SUMIF(SALIDAS!B:B,B7,SALIDAS!D:D) -> 2 | F7: =SUM(D7-E7) -> 7.8
B8: CAD-60-1 | C8: =IFERROR(VLOOKUP(B8 ,INVENTARIO!B7:C1000,2,0),"") | D8: =SUMIF(ENTRADAS!B:B,B8,ENTRADAS!D:D) -> 12 | E8: =SUMIF(SALIDAS!B:B,B8,SALIDAS!D:D) -> 0 | F8: =SUM(D8-E8) -> 12
B9: CAD-80X2 | C9: =IFERROR(VLOOKUP(B9 ,INVENTARIO!B8:C1000,2,0),"") | D9: =SUMIF(ENTRADAS!B:B,B9,ENTRADAS!D:D) -> 15.86 | E9: =SUMIF(SALIDAS!B:B,B9,SALIDAS!D:D) -> 0 | F9: =SUM(D9-E9) -> 15.86
B10: CAD-40-Simple | C10: =IFERROR(VLOOKUP(B10 ,INVENTARIO!B9:C1000,2,0),"") | D10: =SUMIF(ENTRADAS!B:B,B10,ENTRADAS!D:D) -> 4.65 | E10: =SUMIF(SALIDAS!B:B,B10,SALIDAS!D:D) -> 0 | F10: =SUM(D10-E10) -> 4.65
B11: BAN-ELEV | C11: =IFERROR(VLOOKUP(B11 ,INVENTARIO!B10:C1000,2,0),"") -> 400X2500mm x2 | D11: =SUMIF(ENTRADAS!B:B,B11,ENTRADAS!D:D) -> 6 | E11: =SUMIF(SALIDAS!B:B,B11,SALIDAS!D:D) -> 0 | F11: =SUM(D11-E11) -> 6
B12: Union Cad 06B1 (simple) | C12: =IFERROR(VLOOKUP(B12 ,INVENTARIO!B11:C1000,2,0),"") -> Union 06B1 | D12: =SUMIF(ENTRADAS!B:B,B12,ENTRADAS!D:D) -> 7 | E12: =SUMIF(SALIDAS!B:B,B12,SALIDAS!D:D) -> 0 | F12: =SUM(D12-E12) -> 7
B13: Union Cad 06B2 (doble) | C13: =IFERROR(VLOOKUP(B13 ,INVENTARIO!B12:C1000,2,0),"") -> Union 06B2 | D13: =SUMIF(ENTRADAS!B:B,B13,ENTRADAS!D:D) -> 16 | E13: =SUMIF(SALIDAS!B:B,B13,SALIDAS!D:D) -> 0 | F13: =SUM(D13-E13) -> 16
B14: MED-UNI-CAD-40X1 | C14: =IFERROR(VLOOKUP(B14 ,INVENTARIO!B13:C1000,2,0),"") -> Medio eslabon | D14: =SUMIF(ENTRADAS!B:B,B14,ENTRADAS!D:D) -> 8 | E14: =SUMIF(SALIDAS!B:B,B14,SALIDAS!D:D) -> 0 | F14: =SUM(D14-E14) -> 8
B15: UNI-CAD-40X1 C/ALTEA | C15: =IFERROR(VLOOKUP(B15 ,INVENTARIO!B14:C1000,2,0),"") -> Union cadena ASA 40 con ALETA LATERAL | D15: =SUMIF(ENTRADAS!B:B,B15,ENTRADAS!D:D) -> 23 | E15: =SUMIF(SALIDAS!B:B,B15,SALIDAS!D:D) -> 0 | F15: =SUM(D15-E15) -> 23
B16: Union cad 50 | C16: =IFERROR(VLOOKUP(B16 ,INVENTARIO!B15:C1000,2,0),"") -> Medio eslabon | D16: =SUMIF(ENTRADAS!B:B,B16,ENTRADAS!D:D) -> 14 | E16: =SUMIF(SALIDAS!B:B,B16,SALIDAS!D:D) -> 0 | F16: =SUM(D16-E16) -> 14
B17: UNI-CAD-50Simple | C17: =IFERROR(VLOOKUP(B17 ,INVENTARIO!B16:C1000,2,0),"") -> Union cad 50 simple | D17: =SUMIF(ENTRADAS!B:B,B17,ENTRADAS!D:D) -> 7 | E17: =SUMIF(SALIDAS!B:B,B17,SALIDAS!D:D) -> 0 | F17: =SUM(D17-E17) -> 7
B18: UNI-CAD-50X2 | C18: =IFERROR(VLOOKUP(B18 ,INVENTARIO!B17:C1000,2,0),"") | D18: =SUMIF(ENTRADAS!B:B,B18,ENTRADAS!D:D) -> 13 | E18: =SUMIF(SALIDAS!B:B,B18,SALIDAS!D:D) -> 0 | F18: =SUM(D18-E18) -> 13
B19: UNI-CAD-60X2 | C19: =IFERROR(VLOOKUP(B19 ,INVENTARIO!B18:C1000,2,0),"") | D19: =SUMIF(ENTRADAS!B:B,B19,ENTRADAS!D:D) -> 27 | E19: =SUMIF(SALIDAS!B:B,B19,SALIDAS!D:D) -> 0 | F19: =SUM(D19-E19) -> 27
B20: CAD-120 Doble | C20: =IFERROR(VLOOKUP(B20 ,INVENTARIO!B20:C1000,2,0),"") -> Cadena ASA 120 Doble | D20: =SUMIF(ENTRADAS!B:B,B20,ENTRADAS!D:D) -> 2 | E20: =SUMIF(SALIDAS!B:B,B20,SALIDAS!D:D) -> 0 | F20: =SUM(D20-E20) -> 2
B21: MED-CAD-120 Doble | C21: =IFERROR(VLOOKUP(B21 ,INVENTARIO!B21:C1000,2,0),"") -> Medio Eslabon Cadena ASA 120 Doble | D21: =SUMIF(ENTRADAS!B:B,B21,ENTRADAS!D:D) -> 3 | E21: =SUMIF(SALIDAS!B:B,B21,SALIDAS!D:D) -> 0 | F21: =SUM(D21-E21) -> 3
B22: MED-Union Cad S55 | C22: =IFERROR(VLOOKUP(B22 ,INVENTARIO!B22:C1000,2,0),"") -> S55 medio eslabon | D22: =SUMIF(ENTRADAS!B:B,B22,ENTRADAS!D:D) -> 4 | E22: =SUMIF(SALIDAS!B:B,B22,SALIDAS!D:D) -> 0 | F22: =SUM(D22-E22) -> 4
B23: PERNOS -ESTIBA | C23: =IFERROR(VLOOKUP(B23 ,INVENTARIO!B23:C1000,2,0),"") -> Pernos Para Bandejas Estibador | D23: =SUMIF(ENTRADAS!B:B,B23,ENTRADAS!D:D) -> 6 | E23: =SUMIF(SALIDAS!B:B,B23,SALIDAS!D:D) -> 1 | F23: =SUM(D23-E23) -> 5
B24: ROD- CF1 1/8 S | C24: =IFERROR(VLOOKUP(B24 ,INVENTARIO!B24:C1000,2,0),"") -> CF 1 1/8 S | D24: =SUMIF(ENTRADAS!B:B,B24,ENTRADAS!D:D) -> 4 | E24: =SUMIF(SALIDAS!B:B,B24,SALIDAS!D:D) -> 1 | F24: =SUM(D24-E24) -> 3
B25: ROD-UCT208 | C25: =IFERROR(VLOOKUP(B25 ,INVENTARIO!B26:C1000,2,0),"") -> UCT208 | D25: =SUMIF(ENTRADAS!B:B,B25,ENTRADAS!D:D) -> 2 | E25: =SUMIF(SALIDAS!B:B,B25,SALIDAS!D:D) -> 0 | F25: =SUM(D25-E25) -> 2
B26: ROD-GY1103KRRB3 | C26: =IFERROR(VLOOKUP(B26 ,INVENTARIO!B27:C1000,2,0),"") -> GY1103KRRB3 | D26: =SUMIF(ENTRADAS!B:B,B26,ENTRADAS!D:D) -> 2 | E26: =SUMIF(SALIDAS!B:B,B26,SALIDAS!D:D) -> 0 | F26: =SUM(D26-E26) -> 2
B27: ROD-UL211-200 | C27: =IFERROR(VLOOKUP(B27 ,INVENTARIO!B28:C1000,2,0),"") -> UL211-200 | D27: =SUMIF(ENTRADAS!B:B,B27,ENTRADAS!D:D) -> 3 | E27: =SUMIF(SALIDAS!B:B,B27,SALIDAS!D:D) -> 0 | F27: =SUM(D27-E27) -> 3
B28: ROD-UC203 | C28: =IFERROR(VLOOKUP(B28 ,INVENTARIO!B29:C1000,2,0),"") -> UC203 | D28: =SUMIF(ENTRADAS!B:B,B28,ENTRADAS!D:D) -> 9 | E28: =SUMIF(SALIDAS!B:B,B28,SALIDAS!D:D) -> 0 | F28: =SUM(D28-E28) -> 9
B29: ROD-UC206-20 | C29: =IFERROR(VLOOKUP(B29 ,INVENTARIO!B31:C1000,2,0),"") -> UC206-20 EJE 31,74 | D29: =SUMIF(ENTRADAS!B:B,B29,ENTRADAS!D:D) -> 20 | E29: =SUMIF(SALIDAS!B:B,B29,SALIDAS!D:D) -> 0 | F29: =SUM(D29-E29) -> 20
B30: ROD-UC206 | C30: =IFERROR(VLOOKUP(B30 ,INVENTARIO!B32:C1000,2,0),"") -> UC206-EJE 30 | D30: =SUMIF(ENTRADAS!B:B,B30,ENTRADAS!D:D) -> 15 | E30: =SUMIF(SALIDAS!B:B,B30,SALIDAS!D:D) -> 3 | F30: =SUM(D30-E30) -> 12
B31: ROD-UC206-104D1 | C31: =IFERROR(VLOOKUP(B31 ,INVENTARIO!B33:C1000,2,0),"") -> UC206-104D1 | D31: =SUMIF(ENTRADAS!B:B,B31,ENTRADAS!D:D) -> 5 | E31: =SUMIF(SALIDAS!B:B,B31,SALIDAS!D:D) -> 0 | F31: =SUM(D31-E31) -> 5
B32: ROD-AEL206 | C32: =IFERROR(VLOOKUP(B32 ,INVENTARIO!B34:C1000,2,0),"") -> AEL206-104D1 | D32: =SUMIF(ENTRADAS!B:B,B32,ENTRADAS!D:D) -> 4 | E32: =SUMIF(SALIDAS!B:B,B32,SALIDAS!D:D) -> 0 | F32: =SUM(D32-E32) -> 4
B33: ROD-UC206-G | C33: =IFERROR(VLOOKUP(B33 ,INVENTARIO!B35:C1000,2,0),"") -> UC206G | D33: =SUMIF(ENTRADAS!B:B,B33,ENTRADAS!D:D) -> 4 | E33: =SUMIF(SALIDAS!B:B,B33,SALIDAS!D:D) -> 0 | F33: =SUM(D33-E33) -> 4
B34: ROD-UC204D1 | C34: =IFERROR(VLOOKUP(B34 ,INVENTARIO!B36:C1000,2,0),"") -> UC204D1 | D34: =SUMIF(ENTRADAS!B:B,B34,ENTRADAS!D:D) -> 11 | E34: =SUMIF(SALIDAS!B:B,B34,SALIDAS!D:D) -> 15 | F34: =SUM(D34-E34) -> -4
B35: ROD-AS204D1 | C35: =IFERROR(VLOOKUP(B35 ,INVENTARIO!B37:C1000,2,0),"") -> AS204D1 | D35: =SUMIF(ENTRADAS!B:B,B35,ENTRADAS!D:D) -> 4 | E35: =SUMIF(SALIDAS!B:B,B35,SALIDAS!D:D) -> 0 | F35: =SUM(D35-E35) -> 4
B36: ROD-UC202-010D1 | C36: =IFERROR(VLOOKUP(B36 ,INVENTARIO!B38:C1000,2,0),"") -> UC202-010D1 | D36: =SUMIF(ENTRADAS!B:B,B36,ENTRADAS!D:D) -> 10 | E36: =SUMIF(SALIDAS!B:B,B36,SALIDAS!D:D) -> 0 | F36: =SUM(D36-E36) -> 10
B37: ROD-UC211 | C37: =IFERROR(VLOOKUP(B37 ,INVENTARIO!B39:C1000,2,0),"") -> UC211-200D1 | D37: =SUMIF(ENTRADAS!B:B,B37,ENTRADAS!D:D) -> 6 | E37: =SUMIF(SALIDAS!B:B,B37,SALIDAS!D:D) -> 0 | F37: =SUM(D37-E37) -> 6
B38: ROD-UC212 | C38: =IFERROR(VLOOKUP(B38 ,INVENTARIO!B40:C1000,2,0),"") -> UC212D1 | D38: =SUMIF(ENTRADAS!B:B,B38,ENTRADAS!D:D) -> 2 | E38: =SUMIF(SALIDAS!B:B,B38,SALIDAS!D:D) -> 0 | F38: =SUM(D38-E38) -> 2
B39: ROD-UC205 | C39: =IFERROR(VLOOKUP(B39 ,INVENTARIO!B41:C1000,2,0),"") -> UC205 | D39: =SUMIF(ENTRADAS!B:B,B39,ENTRADAS!D:D) -> 36 | E39: =SUMIF(SALIDAS!B:B,B39,SALIDAS!D:D) -> 22 | F39: =SUM(D39-E39) -> 14
B40: ROD-UC208 | C40: =IFERROR(VLOOKUP(B40 ,INVENTARIO!B42:C1000,2,0),"") -> UC208-40MM | D40: =SUMIF(ENTRADAS!B:B,B40,ENTRADAS!D:D) -> 4 | E40: =SUMIF(SALIDAS!B:B,B40,SALIDAS!D:D) -> 0 | F40: =SUM(D40-E40) -> 4
B41: ROD-UC214 | C41: =IFERROR(VLOOKUP(B41 ,INVENTARIO!B43:C1000,2,0),"") -> UC214D1 | D41: =SUMIF(ENTRADAS!B:B,B41,ENTRADAS!D:D) -> 2 | E41: =SUMIF(SALIDAS!B:B,B41,SALIDAS!D:D) -> 0 | F41: =SUM(D41-E41) -> 2
B42: ROD-UC209 | C42: =IFERROR(VLOOKUP(B42 ,INVENTARIO!B44:C1000,2,0),"") -> UC209 | D42: =SUMIF(ENTRADAS!B:B,B42,ENTRADAS!D:D) -> 2 | E42: =SUMIF(SALIDAS!B:B,B42,SALIDAS!D:D) -> 0 | F42: =SUM(D42-E42) -> 2
B43: ROD-NK16/20R | C43: =IFERROR(VLOOKUP(B43 ,INVENTARIO!B46:C1000,2,0),"") -> NK16/20R | D43: =SUMIF(ENTRADAS!B:B,B43,ENTRADAS!D:D) -> 2 | E43: =SUMIF(SALIDAS!B:B,B43,SALIDAS!D:D) -> 0 | F43: =SUM(D43-E43) -> 2
B44: ROD-AS206-104 | C44: =IFERROR(VLOOKUP(B44 ,INVENTARIO!B47:C1000,2,0),"") -> AS206-104 | D44: =SUMIF(ENTRADAS!B:B,B44,ENTRADAS!D:D) -> 1 | E44: =SUMIF(SALIDAS!B:B,B44,SALIDAS!D:D) -> 0 | F44: =SUM(D44-E44) -> 1
B45: ROD-GYE20KRRB | C45: =IFERROR(VLOOKUP(B45 ,INVENTARIO!B48:C1000,2,0),"") -> GYE20KRRB | D45: =SUMIF(ENTRADAS!B:B,B45,ENTRADAS!D:D) -> 2 | E45: =SUMIF(SALIDAS!B:B,B45,SALIDAS!D:D) -> 0 | F45: =SUM(D45-E45) -> 2
B46: ROD-YEL206 | C46: =IFERROR(VLOOKUP(B46 ,INVENTARIO!B49:C1000,2,0),"") -> YEL206 | D46: =SUMIF(ENTRADAS!B:B,B46,ENTRADAS!D:D) -> 1 | E46: =SUMIF(SALIDAS!B:B,B46,SALIDAS!D:D) -> 0 | F46: =SUM(D46-E46) -> 1
B47: ROD-YET206 | C47: =IFERROR(VLOOKUP(B47 ,INVENTARIO!B50:C1000,2,0),"") -> YET206-103 | D47: =SUMIF(ENTRADAS!B:B,B47,ENTRADAS!D:D) -> 5 | E47: =SUMIF(SALIDAS!B:B,B47,SALIDAS!D:D) -> 0 | F47: =SUM(D47-E47) -> 5
B48: ROD-YET202-010 | C48: =IFERROR(VLOOKUP(B48 ,INVENTARIO!B51:C1000,2,0),"") -> YET202-010 | D48: =SUMIF(ENTRADAS!B:B,B48,ENTRADAS!D:D) -> 5 | E48: =SUMIF(SALIDAS!B:B,B48,SALIDAS!D:D) -> 0 | F48: =SUM(D48-E48) -> 5
B49: ROD-UEL211 | C49: =IFERROR(VLOOKUP(B49 ,INVENTARIO!B52:C1000,2,0),"") -> UEL211-200 | D49: =SUMIF(ENTRADAS!B:B,B49,ENTRADAS!D:D) -> 3 | E49: =SUMIF(SALIDAS!B:B,B49,SALIDAS!D:D) -> 0 | F49: =SUM(D49-E49) -> 3
B50: ROD-NA206 | C50: =IFERROR(VLOOKUP(B50 ,INVENTARIO!B53:C1000,2,0),"") -> NA206 | D50: =SUMIF(ENTRADAS!B:B,B50,ENTRADAS!D:D) -> 4 | E50: =SUMIF(SALIDAS!B:B,B50,SALIDAS!D:D) -> 0 | F50: =SUM(D50-E50) -> 4
B51: ROD-UCP203D1 | C51: =IFERROR(VLOOKUP(B51 ,INVENTARIO!B54:C1000,2,0),"") -> UCP203D1 | D51: =SUMIF(ENTRADAS!B:B,B51,ENTRADAS!D:D) -> 4 | E51: =SUMIF(SALIDAS!B:B,B51,SALIDAS!D:D) -> 0 | F51: =SUM(D51-E51) -> 4
B52: ROD-UCP214 | C52: =IFERROR(VLOOKUP(B52 ,INVENTARIO!B55:C1000,2,0),"") -> UCP214D1 | D52: =SUMIF(ENTRADAS!B:B,B52,ENTRADAS!D:D) -> 2 | E52: =SUMIF(SALIDAS!B:B,B52,SALIDAS!D:D) -> 0 | F52: =SUM(D52-E52) -> 2
B53: ROD-H309 | C53: =IFERROR(VLOOKUP(B53 ,INVENTARIO!B56:C1000,2,0),"") -> H309 | D53: =SUMIF(ENTRADAS!B:B,B53,ENTRADAS!D:D) -> 2 | E53: =SUMIF(SALIDAS!B:B,B53,SALIDAS!D:D) -> 2 | F53: =SUM(D53-E53) -> 0
B54: ROD-H309- usado | C54: =IFERROR(VLOOKUP(B54 ,INVENTARIO!B57:C1000,2,0),"") -> H309 USADO | D54: =SUMIF(ENTRADAS!B:B,B54,ENTRADAS!D:D) -> 1 | E54: =SUMIF(SALIDAS!B:B,B54,SALIDAS!D:D) -> 0 | F54: =SUM(D54-E54) -> 1
B55: SET328 | C55: =IFERROR(VLOOKUP(B55 ,INVENTARIO!B58:C1000,2,0),"") -> SET328 | D55: =SUMIF(ENTRADAS!B:B,B55,ENTRADAS!D:D) -> 2 | E55: =SUMIF(SALIDAS!B:B,B55,SALIDAS!D:D) -> 0 | F55: =SUM(D55-E55) -> 2
B56: ROD-1209 | C56: =IFERROR(VLOOKUP(B56 ,INVENTARIO!B59:C1000,2,0),"") | D56: =SUMIF(ENTRADAS!B:B,B56,ENTRADAS!D:D) -> 9 | E56: =SUMIF(SALIDAS!B:B,B56,SALIDAS!D:D) -> 2 | F56: =SUM(D56-E56) -> 7
B57: ROD-1209-usado | C57: =IFERROR(VLOOKUP(B57 ,INVENTARIO!B60:C1000,2,0),"") | D57: =SUMIF(ENTRADAS!B:B,B57,ENTRADAS!D:D) -> 1 | E57: =SUMIF(SALIDAS!B:B,B57,SALIDAS!D:D) -> 0 | F57: =SUM(D57-E57) -> 1
B58: ROD-32007A | C58: =IFERROR(VLOOKUP(B58 ,INVENTARIO!B61:C1000,2,0),"") -> 32007A | D58: =SUMIF(ENTRADAS!B:B,B58,ENTRADAS!D:D) -> 7 | E58: =SUMIF(SALIDAS!B:B,B58,SALIDAS!D:D) -> 0 | F58: =SUM(D58-E58) -> 7
B59: ROD-32007X | C59: =IFERROR(VLOOKUP(B59 ,INVENTARIO!B62:C1000,2,0),"") -> 32007X 4T-3007X | D59: =SUMIF(ENTRADAS!B:B,B59,ENTRADAS!D:D) -> 15 | E59: =SUMIF(SALIDAS!B:B,B59,SALIDAS!D:D) -> 0 | F59: =SUM(D59-E59) -> 15
B60: ROD-HR 32010 J | C60: =IFERROR(VLOOKUP(B60 ,INVENTARIO!B63:C1000,2,0),"") | D60: =SUMIF(ENTRADAS!B:B,B60,ENTRADAS!D:D) -> 2 | E60: =SUMIF(SALIDAS!B:B,B60,SALIDAS!D:D) -> 0 | F60: =SUM(D60-E60) -> 2
B61: ROD-HE 32207 I | C61: =IFERROR(VLOOKUP(B61 ,INVENTARIO!B64:C1000,2,0),"") | D61: =SUMIF(ENTRADAS!B:B,B61,ENTRADAS!D:D) -> 6 | E61: =SUMIF(SALIDAS!B:B,B61,SALIDAS!D:D) -> 0 | F61: =SUM(D61-E61) -> 6
B62: ROD-1212 | C62: =IFERROR(VLOOKUP(B62 ,INVENTARIO!B65:C1000,2,0),"") -> 1212 doble bolilla cilindrico | D62: =SUMIF(ENTRADAS!B:B,B62,ENTRADAS!D:D) -> 6 | E62: =SUMIF(SALIDAS!B:B,B62,SALIDAS!D:D) -> 0 | F62: =SUM(D62-E62) -> 6
B63: ROD-32017 X | C63: =IFERROR(VLOOKUP(B63 ,INVENTARIO!B66:C1000,2,0),"") -> 32017 X | D63: =SUMIF(ENTRADAS!B:B,B63,ENTRADAS!D:D) -> 1 | E63: =SUMIF(SALIDAS!B:B,B63,SALIDAS!D:D) -> 0 | F63: =SUM(D63-E63) -> 1
B64: ROD-30212-KML | C64: =IFERROR(VLOOKUP(B64 ,INVENTARIO!B67:C1000,2,0),"") -> 30212-KML | D64: =SUMIF(ENTRADAS!B:B,B64,ENTRADAS!D:D) -> 9 | E64: =SUMIF(SALIDAS!B:B,B64,SALIDAS!D:D) -> 0 | F64: =SUM(D64-E64) -> 9
B65: ROD-30204 | C65: =IFERROR(VLOOKUP(B65 ,INVENTARIO!B68:C1000,2,0),"") -> 30204 4T-30204 | D65: =SUMIF(ENTRADAS!B:B,B65,ENTRADAS!D:D) -> 6 | E65: =SUMIF(SALIDAS!B:B,B65,SALIDAS!D:D) -> 0 | F65: =SUM(D65-E65) -> 6
B66: ROD-5205-ZZ | C66: =IFERROR(VLOOKUP(B66 ,INVENTARIO!B69:C1000,2,0),"") -> 5205SCZZ/2AS | D66: =SUMIF(ENTRADAS!B:B,B66,ENTRADAS!D:D) -> 1 | E66: =SUMIF(SALIDAS!B:B,B66,SALIDAS!D:D) -> 0 | F66: =SUM(D66-E66) -> 1
B67: ROD-1604 | C67: =IFERROR(VLOOKUP(B67 ,INVENTARIO!B70:C1000,2,0),"") -> 1604DCTNTG18 | D67: =SUMIF(ENTRADAS!B:B,B67,ENTRADAS!D:D) -> 11 | E67: =SUMIF(SALIDAS!B:B,B67,SALIDAS!D:D) -> 0 | F67: =SUM(D67-E67) -> 11
B68: ROD-1621 | C68: =IFERROR(VLOOKUP(B68 ,INVENTARIO!B71:C1000,2,0),"") -> 1621DCTNTG18 | D68: =SUMIF(ENTRADAS!B:B,B68,ENTRADAS!D:D) -> 20 | E68: =SUMIF(SALIDAS!B:B,B68,SALIDAS!D:D) -> 4 | F68: =SUM(D68-E68) -> 16
B69: ROD-1630 | C69: =IFERROR(VLOOKUP(B69 ,INVENTARIO!B72:C1000,2,0),"") -> 1630 LLUU | D69: =SUMIF(ENTRADAS!B:B,B69,ENTRADAS!D:D) -> 10 | E69: =SUMIF(SALIDAS!B:B,B69,SALIDAS!D:D) -> 0 | F69: =SUM(D69-E69) -> 10
B70: ROD- 1820 | C70: =IFERROR(VLOOKUP(B70 ,INVENTARIO!B73:C1000,2,0),"") -> 18X25X20 | D70: =SUMIF(ENTRADAS!B:B,B70,ENTRADAS!D:D) -> 4 | E70: =SUMIF(SALIDAS!B:B,B70,SALIDAS!D:D) -> 0 | F70: =SUM(D70-E70) -> 4
B71: ROD-1220ZKL | C71: =IFERROR(VLOOKUP(B71 ,INVENTARIO!B74:C1000,2,0),"") -> 1220ZKL | D71: =SUMIF(ENTRADAS!B:B,B71,ENTRADAS!D:D) -> 2 | E71: =SUMIF(SALIDAS!B:B,B71,SALIDAS!D:D) -> 0 | F71: =SUM(D71-E71) -> 2
B72: ROD- R1581TV | C72: =IFERROR(VLOOKUP(B72 ,INVENTARIO!B75:C1000,2,0),"") -> R1581TV | D72: =SUMIF(ENTRADAS!B:B,B72,ENTRADAS!D:D) -> 8 | E72: =SUMIF(SALIDAS!B:B,B72,SALIDAS!D:D) -> 0 | F72: =SUM(D72-E72) -> 8
B73: ROD-6800 | C73: =IFERROR(VLOOKUP(B73 ,INVENTARIO!B76:C1000,2,0),"") -> 6800LLU | D73: =SUMIF(ENTRADAS!B:B,B73,ENTRADAS!D:D) -> 73 | E73: =SUMIF(SALIDAS!B:B,B73,SALIDAS!D:D) -> 25 | F73: =SUM(D73-E73) -> 48
B74: ROD-387-382A | C74: =IFERROR(VLOOKUP(B74 ,INVENTARIO!B77:C1000,2,0),"") -> 4-387A-382A | D74: =SUMIF(ENTRADAS!B:B,B74,ENTRADAS!D:D) -> 6 | E74: =SUMIF(SALIDAS!B:B,B74,SALIDAS!D:D) -> 0 | F74: =SUM(D74-E74) -> 6
B75: FL-205 | C75: =IFERROR(VLOOKUP(B75 ,INVENTARIO!B78:C1000,2,0),"") -> Bancada de dos fijaciones para uc205 | D75: =SUMIF(ENTRADAS!B:B,B75,ENTRADAS!D:D) -> 2 | E75: =SUMIF(SALIDAS!B:B,B75,SALIDAS!D:D) -> 0 | F75: =SUM(D75-E75) -> 2
B76: UCP-UCP211 | C76: =IFERROR(VLOOKUP(B76 ,INVENTARIO!B79:C1000,2,0),"") -> UCP211 | D76: =SUMIF(ENTRADAS!B:B,B76,ENTRADAS!D:D) -> 4 | E76: =SUMIF(SALIDAS!B:B,B76,SALIDAS!D:D) -> 0 | F76: =SUM(D76-E76) -> 4
B77: ROD-UCP209 | C77: =IFERROR(VLOOKUP(B77 ,INVENTARIO!B80:C1000,2,0),"") -> UCP209 | D77: =SUMIF(ENTRADAS!B:B,B77,ENTRADAS!D:D) -> 3 | E77: =SUMIF(SALIDAS!B:B,B77,SALIDAS!D:D) -> 0 | F77: =SUM(D77-E77) -> 3
B78: ROD-382A | C78: =IFERROR(VLOOKUP(B78 ,INVENTARIO!B81:C1000,2,0),"") -> 4T-382A | D78: =SUMIF(ENTRADAS!B:B,B78,ENTRADAS!D:D) -> 21 | E78: =SUMIF(SALIDAS!B:B,B78,SALIDAS!D:D) -> 0 | F78: =SUM(D78-E78) -> 21
B79: ROD-203KRR2 | C79: =IFERROR(VLOOKUP(B79 ,INVENTARIO!B82:C1000,2,0),"") -> 203KRR2 | D79: =SUMIF(ENTRADAS!B:B,B79,ENTRADAS!D:D) -> 1 | E79: =SUMIF(SALIDAS!B:B,B79,SALIDAS!D:D) -> 0 | F79: =SUM(D79-E79) -> 1
B80: ROD-203KDD | C80: =IFERROR(VLOOKUP(B80 ,INVENTARIO!B83:C1000,2,0),"") -> 203KDD | D80: =SUMIF(ENTRADAS!B:B,B80,ENTRADAS!D:D) -> 1 | E80: =SUMIF(SALIDAS!B:B,B80,SALIDAS!D:D) -> 1 | F80: =SUM(D80-E80) -> 0
B81: ROD-R10RS | C81: =IFERROR(VLOOKUP(B81 ,INVENTARIO!B84:C1000,2,0),"") | D81: =SUMIF(ENTRADAS!B:B,B81,ENTRADAS!D:D) -> 10 | E81: =SUMIF(SALIDAS!B:B,B81,SALIDAS!D:D) -> 0 | F81: =SUM(D81-E81) -> 10
B82: ROD-63310 | C82: =IFERROR(VLOOKUP(B82 ,INVENTARIO!B85:C1000,2,0),"") -> 63310LLU 63310LLU/2AS | D82: =SUMIF(ENTRADAS!B:B,B82,ENTRADAS!D:D) -> 19 | E82: =SUMIF(SALIDAS!B:B,B82,SALIDAS!D:D) -> 0 | F82: =SUM(D82-E82) -> 19
B83: ROD-6000 | C83: =IFERROR(VLOOKUP(B83 ,INVENTARIO!B86:C1000,2,0),"") -> 6000LLUC3 | D83: =SUMIF(ENTRADAS!B:B,B83,ENTRADAS!D:D) -> 11 | E83: =SUMIF(SALIDAS!B:B,B83,SALIDAS!D:D) -> 0 | F83: =SUM(D83-E83) -> 11
B84: ROD- 6003 | C84: =IFERROR(VLOOKUP(B84 ,INVENTARIO!B87:C1000,2,0),"") -> 6003 LLU/C3 - 17X35X10 | D84: =SUMIF(ENTRADAS!B:B,B84,ENTRADAS!D:D) -> 21 | E84: =SUMIF(SALIDAS!B:B,B84,SALIDAS!D:D) -> 6 | F84: =SUM(D84-E84) -> 15
B85: ROD-6002 | C85: =IFERROR(VLOOKUP(B85 ,INVENTARIO!B89:C1000,2,0),"") | D85: =SUMIF(ENTRADAS!B:B,B85,ENTRADAS!D:D) -> 24 | E85: =SUMIF(SALIDAS!B:B,B85,SALIDAS!D:D) -> 7 | F85: =SUM(D85-E85) -> 17
B86: ROD-6004 | C86: =IFERROR(VLOOKUP(B86 ,INVENTARIO!B90:C1000,2,0),"") -> 6004-2RST/C3 | D86: =SUMIF(ENTRADAS!B:B,B86,ENTRADAS!D:D) -> 20 | E86: =SUMIF(SALIDAS!B:B,B86,SALIDAS!D:D) -> 17 | F86: =SUM(D86-E86) -> 3
B87: ROD-6004-rsh | C87: =IFERROR(VLOOKUP(B87 ,INVENTARIO!B91:C1000,2,0),"") | D87: =SUMIF(ENTRADAS!B:B,B87,ENTRADAS!D:D) -> 10 | E87: =SUMIF(SALIDAS!B:B,B87,SALIDAS!D:D) -> 0 | F87: =SUM(D87-E87) -> 10
B88: ROD-6005 | C88: =IFERROR(VLOOKUP(B88 ,INVENTARIO!B92:C1000,2,0),"") -> 6005LLUC3/ 6005LLUC3/2AS | D88: =SUMIF(ENTRADAS!B:B,B88,ENTRADAS!D:D) -> 17 | E88: =SUMIF(SALIDAS!B:B,B88,SALIDAS!D:D) -> 7 | F88: =SUM(D88-E88) -> 10
B89: ROD-6006 | C89: =IFERROR(VLOOKUP(B89 ,INVENTARIO!B93:C1000,2,0),"") -> 6006-2RSC/3 | D89: =SUMIF(ENTRADAS!B:B,B89,ENTRADAS!D:D) -> 16 | E89: =SUMIF(SALIDAS!B:B,B89,SALIDAS!D:D) -> 6 | F89: =SUM(D89-E89) -> 10
B90: ROD-6007 | C90: =IFERROR(VLOOKUP(B90 ,INVENTARIO!B94:C1000,2,0),"") -> 6007LLUC3 6007LLUC3/2AS | D90: =SUMIF(ENTRADAS!B:B,B90,ENTRADAS!D:D) -> 21 | E90: =SUMIF(SALIDAS!B:B,B90,SALIDAS!D:D) -> 6 | F90: =SUM(D90-E90) -> 15
B91: ROD-6008 | C91: =IFERROR(VLOOKUP(B91 ,INVENTARIO!B96:C1000,2,0),"") -> 6008LLUC3 | D91: =SUMIF(ENTRADAS!B:B,B91,ENTRADAS!D:D) -> 8 | E91: =SUMIF(SALIDAS!B:B,B91,SALIDAS!D:D) -> 0 | F91: =SUM(D91-E91) -> 8
B92: ROD-6009 | C92: =IFERROR(VLOOKUP(B92 ,INVENTARIO!B97:C1000,2,0),"") -> 6009 2RS | D92: =SUMIF(ENTRADAS!B:B,B92,ENTRADAS!D:D) -> 2 | E92: =SUMIF(SALIDAS!B:B,B92,SALIDAS!D:D) -> 0 | F92: =SUM(D92-E92) -> 2
B93: ROD-6013 | C93: =IFERROR(VLOOKUP(B93 ,INVENTARIO!B98:C1000,2,0),"") -> 6013 | D93: =SUMIF(ENTRADAS!B:B,B93,ENTRADAS!D:D) -> 10 | E93: =SUMIF(SALIDAS!B:B,B93,SALIDAS!D:D) -> 0 | F93: =SUM(D93-E93) -> 10
B94: ROD-6200 | C94: =IFERROR(VLOOKUP(B94 ,INVENTARIO!B99:C1000,2,0),"") -> 6200-2RSC3 | D94: =SUMIF(ENTRADAS!B:B,B94,ENTRADAS!D:D) -> 4 | E94: =SUMIF(SALIDAS!B:B,B94,SALIDAS!D:D) -> 2 | F94: =SUM(D94-E94) -> 2
B95: ROD-AEL202 | C95: =IFERROR(VLOOKUP(B95 ,INVENTARIO!B101:C1000,2,0),"") -> AEL202 | D95: =SUMIF(ENTRADAS!B:B,B95,ENTRADAS!D:D) -> 8 | E95: =SUMIF(SALIDAS!B:B,B95,SALIDAS!D:D) -> 0 | F95: =SUM(D95-E95) -> 8
B96: ROD-6201 | C96: =IFERROR(VLOOKUP(B96 ,INVENTARIO!B102:C1000,2,0),"") -> 6201LLUC3/2RS | D96: =SUMIF(ENTRADAS!B:B,B96,ENTRADAS!D:D) -> 10 | E96: =SUMIF(SALIDAS!B:B,B96,SALIDAS!D:D) -> 5 | F96: =SUM(D96-E96) -> 5
B97: ROD-203KRR | C97: =IFERROR(VLOOKUP(B97 ,INVENTARIO!B103:C1000,2,0),"") -> 203KRR | D97: =SUMIF(ENTRADAS!B:B,B97,ENTRADAS!D:D) -> 4 | E97: =SUMIF(SALIDAS!B:B,B97,SALIDAS!D:D) -> 0 | F97: =SUM(D97-E97) -> 4
B98: ROD-6201-ZZ | C98: =IFERROR(VLOOKUP(B98 ,INVENTARIO!B104:C1000,2,0),"") -> 6201ZZC3 6201ZZC3 | D98: =SUMIF(ENTRADAS!B:B,B98,ENTRADAS!D:D) -> 13 | E98: =SUMIF(SALIDAS!B:B,B98,SALIDAS!D:D) -> 0 | F98: =SUM(D98-E98) -> 13
B99: ROD-6202 | C99: =IFERROR(VLOOKUP(B99 ,INVENTARIO!B105:C1000,2,0),"") -> 6202-2RS/C3 - 15X35X11 | D99: =SUMIF(ENTRADAS!B:B,B99,ENTRADAS!D:D) -> 21 | E99: =SUMIF(SALIDAS!B:B,B99,SALIDAS!D:D) -> 0 | F99: =SUM(D99-E99) -> 21
B100: ROD-6202-ZZC3 | C100: =IFERROR(VLOOKUP(B100 ,INVENTARIO!B106:C1000,2,0),"") -> 6202ZZC3/EM 6202XXC3/L627 | D100: =SUMIF(ENTRADAS!B:B,B100,ENTRADAS!D:D) -> 1 | E100: =SUMIF(SALIDAS!B:B,B100,SALIDAS!D:D) -> 0 | F100: =SUM(D100-E100) -> 1
B101: ROD-6203-ZZ | C101: =IFERROR(VLOOKUP(B101 ,INVENTARIO!B107:C1000,2,0),"") -> 6203 ZZ C3 | D101: =SUMIF(ENTRADAS!B:B,B101,ENTRADAS!D:D) -> 10 | E101: =SUMIF(SALIDAS!B:B,B101,SALIDAS!D:D) -> 0 | F101: =SUM(D101-E101) -> 10
...

Sheet datos recolectados
